ID_Comentario,Equipo,Partido,Comentario_Limpio,Entidad_Mencionada
1,Liverpool,Liverpool V Bourmouth,❤️,
2,Liverpool,Liverpool V Bourmouth,❤️,
3,Liverpool,Liverpool V Bourmouth,❤️,
4,Liverpool,Liverpool V Bourmouth,❤️,
5,Liverpool,Liverpool V Bourmouth,❤️,
6,Liverpool,Liverpool V Bourmouth,❤️❤️,
7,Liverpool,Liverpool V Bourmouth,❤️❤️,
8,Liverpool,Liverpool V Bourmouth,❤️❤️❤️,
9,Liverpool,Liverpool V Bourmouth,❤️❤️❤️,
10,Liverpool,Liverpool V Bourmouth,❤️❤️❤️utamuuuuu,
11,Liverpool,Liverpool V Bourmouth,❤️🔥👏,
12,Liverpool,Liverpool V Bourmouth,5% of FSG money has worth😂,
13,Liverpool,Liverpool V Bourmouth,A wins a win tho! 🔥,
14,Liverpool,Liverpool V Bourmouth,big 3 who?,
15,Liverpool,Liverpool V Bourmouth,BIG THREE POINTS ✅,
16,Liverpool,Liverpool V Bourmouth,biso,
17,Liverpool,Liverpool V Bourmouth,Cancel sa ggt break la😡,
18,Liverpool,Liverpool V Bourmouth,CRUCIAL WIN,
19,Liverpool,Liverpool V Bourmouth,Gakpo is pure class...We owe him a big apology 🙌,Cody Gakpo
20,Liverpool,Liverpool V Bourmouth,Gakpo we owe you an apology mate🔥😂,Cody Gakpo
21,Liverpool,Liverpool V Bourmouth,Give a new contract for Macca >>>,Alexis Mac Allister
22,Liverpool,Liverpool V Bourmouth,I love my club ❤️,
23,Liverpool,Liverpool V Bourmouth,ILL SAY IT AGAIN JEREMY JAQUET IS THE TRUTH WHAT A PLAYER,
24,Liverpool,Liverpool V Bourmouth,"Iraola master class , those substitutions 🔥",
25,Liverpool,Liverpool V Bourmouth,Isaaaakkk,
26,Liverpool,Liverpool V Bourmouth,Isak balangsak 🔥,Alexander Isak
27,Liverpool,Liverpool V Bourmouth,Isak my be the greatest striker off all time,Alexander Isak
28,Liverpool,Liverpool V Bourmouth,Jacquet & Araujo what a satisfaction👏,
29,Liverpool,Liverpool V Bourmouth,Jacquet & Araujo 🙌🙌🙌,
30,Liverpool,Liverpool V Bourmouth,Jacquet I love youuuuuu,
31,Liverpool,Liverpool V Bourmouth,Jacquet is him😤,
32,Liverpool,Liverpool V Bourmouth,Jacquet!!! What a baller,
33,Liverpool,Liverpool V Bourmouth,"Jacquet, Nyonyi, Koumas, we’re preparing well for the future. On to the next one, Cityzens. 🔥",
34,Liverpool,Liverpool V Bourmouth,"Jeremy Jacquet appreciation comment , what a player !",
35,Liverpool,Liverpool V Bourmouth,Jeremy Jacquet.,
36,Liverpool,Liverpool V Bourmouth,LIVERPOOL GOAL HERE ⚽🔴👈🏻,
37,Liverpool,Liverpool V Bourmouth,loveu gakpo,Cody Gakpo
38,Liverpool,Liverpool V Bourmouth,Man-U fans going crazy 😂🐦‍🔥⚽,
39,Liverpool,Liverpool V Bourmouth,mayan naik pelan pelan,
40,Liverpool,Liverpool V Bourmouth,McAllister 🔥🔥❤️,
41,Liverpool,Liverpool V Bourmouth,Mrci ékip ❤️💪💪💯,
42,Liverpool,Liverpool V Bourmouth,nice🙌,
43,Liverpool,Liverpool V Bourmouth,Our are enemies gon cry 😂😂😂,
44,Liverpool,Liverpool V Bourmouth,Our enemies are punching air rn😂😂,
45,Liverpool,Liverpool V Bourmouth,Perfect 🔥,
46,Liverpool,Liverpool V Bourmouth,"persib menang liverpool menang, tibra ach",
47,Liverpool,Liverpool V Bourmouth,Rent money 💰😍😂,
48,Liverpool,Liverpool V Bourmouth,Safe to say BBL innit?😂,
49,Liverpool,Liverpool V Bourmouth,"Step by step, we getting somewhere🙌🏾",
50,Liverpool,Liverpool V Bourmouth,Tell them 🙌,
51,Liverpool,Liverpool V Bourmouth,They Not Like Us😂🔥,
52,Liverpool,Liverpool V Bourmouth,Trey Nyoni what a player⭐️,
53,Liverpool,Liverpool V Bourmouth,Unbeaten,
54,Liverpool,Liverpool V Bourmouth,Vamos🔥🔥🔥,
55,Liverpool,Liverpool V Bourmouth,We go again👏,
56,Liverpool,Liverpool V Bourmouth,We never walk alone 😊,
57,Liverpool,Liverpool V Bourmouth,We were lucky a real test is coming after the international break,
58,Liverpool,Liverpool V Bourmouth,We're getting there slowly,
59,Liverpool,Liverpool V Bourmouth,When are we sellin Wirtz?,Florian Wirtz
60,Liverpool,Liverpool V Bourmouth,Wirtz is so poor tbh😢,Florian Wirtz
61,Liverpool,Liverpool V Bourmouth,Wirtz out,Florian Wirtz
62,Liverpool,Liverpool V Bourmouth,Wirtz out,Florian Wirtz
63,Liverpool,Liverpool V Bourmouth,YNWA,
64,Liverpool,Liverpool V Bourmouth,YNWA 🔥,
65,Liverpool,Liverpool V Bourmouth,หงส์แดงโว้ยยยย❤️,
66,Liverpool,Liverpool V Bourmouth,👏,
67,Liverpool,Liverpool V Bourmouth,👏❤️🔥🔥,
68,Liverpool,Liverpool V Bourmouth,👏👏👏 YNWA,
69,Liverpool,Liverpool V Bourmouth,🔥,
70,Liverpool,Liverpool V Bourmouth,🔥🔥,
71,Liverpool,Liverpool V Bourmouth,🔥🔥🔥,
72,Liverpool,Liverpool V Bourmouth,🔥🔥🔥,
73,Liverpool,Liverpool V Bourmouth,🔥🔥🔥🔥🔥,
74,Liverpool,Liverpool V Bourmouth,🔥🔥😍🔴,
75,Liverpool,Liverpool V Bourmouth,🔴🔥❤️,
76,Liverpool,Liverpool V Bourmouth,😍😍😍👏👏👏🔥🔥🔥❤️❤️❤️,
77,Liverpool,Liverpool V Bourmouth,🙂‍↔️👍🏻,
78,Liverpool,Liverpool V Bourmouth,🙌👏🔥,
79,Liverpool,Liverpool V Bourmouth,🙌😃🍵🧉☕✨️,
80,Liverpool,Liverpool V Bourmouth,🙌🙌🙌,
81,Liverpool,Liverpool V Spurs,✝️🙌🏾❤️,
82,Liverpool,Liverpool V Spurs,❤️,
83,Liverpool,Liverpool V Spurs,❤️,
84,Liverpool,Liverpool V Spurs,❤️❤️❤️,
85,Liverpool,Liverpool V Spurs,❤️❤️❤️,
86,Liverpool,Liverpool V Spurs,❤️❤️❤️❤️,
87,Liverpool,Liverpool V Spurs,❤️❤️❤️❤️,
88,Liverpool,Liverpool V Spurs,❤️❤️❤️❤️❤️❤️❤️,
89,Liverpool,Liverpool V Spurs,❤️❤️❤️❤️❤️❤️❤️❤️❤️,
90,Liverpool,Liverpool V Spurs,❤️❤️❤️❤️❤️🔥🔥,
91,Liverpool,Liverpool V Spurs,❤️❤️❤️🔥🔥,
92,Liverpool,Liverpool V Spurs,❤️❤️👏👏,
93,Liverpool,Liverpool V Spurs,❤️❤️🔥,
94,Liverpool,Liverpool V Spurs,❤️🙌🔥🔥🔥,
95,Liverpool,Liverpool V Spurs,"aduh senang nya dalam hati, Persija 2-1, Liverpool 3-1",
96,Liverpool,Liverpool V Spurs,"Alhamdulilah, gakan kerja ah",
97,Liverpool,Liverpool V Spurs,always frickin banger from szobo 🔥🔥,Dominik Szoboszlai
98,Liverpool,Liverpool V Spurs,"Araujo and Jacquet were very, very solid at the back too. The most encouraging thing this season is how our defensive unit is starting to look genuinely reliable this season. We’re not just defending deeper.. there’s real composure, aggression and structure to it.",
99,Liverpool,Liverpool V Spurs,As in efootball szobo has a lower screamer🔥🔥🔥,Dominik Szoboszlai
100,Liverpool,Liverpool V Spurs,bai totenham,
101,Liverpool,Liverpool V Spurs,Bomboclaaat szobo😂🔥🙌,Dominik Szoboszlai
102,Liverpool,Liverpool V Spurs,Brilliant,
103,Liverpool,Liverpool V Spurs,BRILLIANT!,
104,Liverpool,Liverpool V Spurs,Can we all agree that gravenbech is officially finished☹️,
105,Liverpool,Liverpool V Spurs,"Cody was superb as well. Such a classy player and, honestly, what a nice guy. ❤️",Cody Gakpo
106,Liverpool,Liverpool V Spurs,did we just score more than two goals? Wow,
107,Liverpool,Liverpool V Spurs,Dom then turned the ball into 🚀🚀🚀,
108,Liverpool,Liverpool V Spurs,Easy 😂🔥,
109,Liverpool,Liverpool V Spurs,ENDO ฮามีตางใด ใช้เป็นไหม DMF อะ ใช้เป็นไหม,
110,Liverpool,Liverpool V Spurs,"Frimpong, Milos and Mamar, thats all we’ve been asking…play for the badge and you’ll be more than loved❤️ great performance today",Giorgi Mamardashvili
111,Liverpool,Liverpool V Spurs,FUTURE SAVED WITH JACQUET 🐐,
112,Liverpool,Liverpool V Spurs,"Gakpo deserves an apology, what a baller",Cody Gakpo
113,Liverpool,Liverpool V Spurs,Gakpo needs more appreciation 🙌,Cody Gakpo
114,Liverpool,Liverpool V Spurs,Gakpo one goal one assist 🙌❤️,Cody Gakpo
115,Liverpool,Liverpool V Spurs,Gakpo this season:,Cody Gakpo
116,Liverpool,Liverpool V Spurs,Gang 🔴🎯💯,
117,Liverpool,Liverpool V Spurs,Gaya bisa menang maneh,
118,Liverpool,Liverpool V Spurs,Get in reds! 👏,
119,Liverpool,Liverpool V Spurs,GET IN!!🔥❤️,
120,Liverpool,Liverpool V Spurs,Get Szoboszlai the Puskas and the Ballon Dor immediately 😤,Dominik Szoboszlai
121,Liverpool,Liverpool V Spurs,Give Mac Allister a new contract and make Mamardashvili the starting keeper. 🔴,"Alexis Mac Allister, Giorgi Mamardashvili"
122,Liverpool,Liverpool V Spurs,Give macalister new contract now🔥,
123,Liverpool,Liverpool V Spurs,Give Macca that contract NOW,Alexis Mac Allister
124,Liverpool,Liverpool V Spurs,God I hope Szobo stays on this team forever but ik thats not true smh,Dominik Szoboszlai
125,Liverpool,Liverpool V Spurs,"Good goal from Szoboszlai, but when he came on all those loose passes and losses of possession, spread anxiety into the team and brought Tottenham into the game. We were in complete control beforehand. The young boys did very well, pressed well, linked up well and played the Liverpool way.",Dominik Szoboszlai
126,Liverpool,Liverpool V Spurs,Good performance from the Reds ❤️🔥👏,
127,Liverpool,Liverpool V Spurs,"good performance team, but really I dont understand how can we be so weak in difence. Even if we play against the worst tottenham we conceed shots and dangerous build ups from everywhere. Keep improving lads",
128,Liverpool,Liverpool V Spurs,"gue liat liat tadi main nya cakep dah, kemarin kok bikin kesel😢",
129,Liverpool,Liverpool V Spurs,Has anyone else noticed the last two home games the stadium hasn’t sung jotas name in the 20th minute,
130,Liverpool,Liverpool V Spurs,How can you be so handsome and the best in the world at shooting 😂🔥 My girl is on this app Szo!,
131,Liverpool,Liverpool V Spurs,"I am straight, but Szoboszlai do you wanna marry me?",Dominik Szoboszlai
132,Liverpool,Liverpool V Spurs,i don’t wanna see anyone slander marmardashvili anymore,
133,Liverpool,Liverpool V Spurs,I think playing Koumas at right-back would really bring that position to life,
134,Liverpool,Liverpool V Spurs,I think playing Koumas at right-back would really bring that position to life,
135,Liverpool,Liverpool V Spurs,I’m really glad we held on to Gakpo!,Cody Gakpo
136,Liverpool,Liverpool V Spurs,Jacquet❤️👏,
137,Liverpool,Liverpool V Spurs,"Kerkez, Frimpong and Mamardashvili had a good game before GTA 6 😭",Giorgi Mamardashvili
138,Liverpool,Liverpool V Spurs,Koumas ❤️👌🏼🫡 that pitch was his this evening pure class from our redman 👏,
139,Liverpool,Liverpool V Spurs,Koumas good game boy 🔥🔥🔥😮‍💨,
140,Liverpool,Liverpool V Spurs,Koumas has to get minutes behind our strikers. He's such a work horse.,
141,Liverpool,Liverpool V Spurs,Koumas pressing reminds me of Sadio 🥹,
142,Liverpool,Liverpool V Spurs,"Koumas what a game, you should be proud of yourself",
143,Liverpool,Liverpool V Spurs,"Koumas, Nyoni and Marmadashvilli had a great game 🔥🔥#YNWA",
144,Liverpool,Liverpool V Spurs,Let’s go,
145,Liverpool,Liverpool V Spurs,lexi,
146,Liverpool,Liverpool V Spurs,Liverpool 3 Tottenham Hotspur 1👏,
147,Liverpool,Liverpool V Spurs,Liverpool forever ✅,
148,Liverpool,Liverpool V Spurs,Liverpool is the best in the world ❤️❤️❤️❤️❤️,
149,Liverpool,Liverpool V Spurs,Lots to like. This team is coming together nicely. 🔴,
150,Liverpool,Liverpool V Spurs,Macalister,
151,Liverpool,Liverpool V Spurs,Macca 1 goal +1 assist give him new contact 🔴🔴🔴🔴🔴,Alexis Mac Allister
152,Liverpool,Liverpool V Spurs,macca new contract please,Alexis Mac Allister
153,Liverpool,Liverpool V Spurs,Macca unbelievable 🔥🔥😍🔴🔴🔴,Alexis Mac Allister
154,Liverpool,Liverpool V Spurs,Madridista 🚀🚀🚀🚀,
155,Liverpool,Liverpool V Spurs,Mamadashvile turned into prime Allison,
156,Liverpool,Liverpool V Spurs,"Mamar, Nyoni need more minutes",Giorgi Mamardashvili
157,Liverpool,Liverpool V Spurs,Mamardashvili and kerkez deserve credit today 🔥,Giorgi Mamardashvili
158,Liverpool,Liverpool V Spurs,"Mamardashvili thank you for the saves ..Macca u deserve that contract,Gakpo thank God we didn't sell you to City and Szobo man 🔥🔥🙌😂","Alexis Mac Allister, Dominik Szoboszlai, Cody Gakpo, Giorgi Mamardashvili"
159,Liverpool,Liverpool V Spurs,Mamardashvili was absolutely brilliant tonight. Really unlucky not to come away with the clean sheet because he made some crucial saves when we needed him.,Giorgi Mamardashvili
160,Liverpool,Liverpool V Spurs,"Mamardashvili was amazing 🙌🏻some top saves tonight! And Koumas was an animal, everywhere on the pitch! Good win, onto the next round💪🏼",Giorgi Mamardashvili
161,Liverpool,Liverpool V Spurs,Mamardashvili 👏,Giorgi Mamardashvili
162,Liverpool,Liverpool V Spurs,Mau happy tapi ini piala kebo 🗿,
163,Liverpool,Liverpool V Spurs,Maybe a win in the Premiership some time? 💪🏼,
164,Liverpool,Liverpool V Spurs,My team is my life ❤️🙌🔥,
165,Liverpool,Liverpool V Spurs,Nice now try and get 3 points in the prem been a struggle,
166,Liverpool,Liverpool V Spurs,"Number 8 never disappoints us 🔥🔝 what a goal was that, pure passion 🐦‍🔥",
167,Liverpool,Liverpool V Spurs,Ofcourse we gave them thier first goal 😂😂,
168,Liverpool,Liverpool V Spurs,"Oh myyyyyy, Dominik Szoboszlaiiiiiii",
169,Liverpool,Liverpool V Spurs,"Okay, I’ve heard enough… Give macca his doo 💰🔥👏",Alexis Mac Allister
170,Liverpool,Liverpool V Spurs,Perpanjang kontrak macca sekarang juga!!!,Alexis Mac Allister
171,Liverpool,Liverpool V Spurs,Pure greatness✨️✨️😍,
172,Liverpool,Liverpool V Spurs,Red forever ❤️🙌,
173,Liverpool,Liverpool V Spurs,RENEW MACCA IMMEDIATELY,Alexis Mac Allister
174,Liverpool,Liverpool V Spurs,Respect to Szobo. Goal of the season. Unbelievable,Dominik Szoboszlai
175,Liverpool,Liverpool V Spurs,"Scoring a beautiful goal doesn't necessarily make you a great player. Szobo's level of play is far behind Gerrard's. His style is too 'flashy' in every match, allowing Spurs to easily cut through the midfield. Let's go with Nyonyi, Macca, and Wirtz for the upcoming match against Bournemouth! Also i love Mcconnel, Koumas & Mamar to!!!","Alexis Mac Allister, Dominik Szoboszlai, Giorgi Mamardashvili, Florian Wirtz"
176,Liverpool,Liverpool V Spurs,"Shout out to McConnell, a really good performance. This starting 11 lowkey looked better at implementing Iraola ball.",
177,Liverpool,Liverpool V Spurs,"Shoutout to Mamardashvili, Araújo, and Jacquet! 🔥👏",Giorgi Mamardashvili
178,Liverpool,Liverpool V Spurs,Sobzo don't know how to score normal goals 🚀🚀🚀,
179,Liverpool,Liverpool V Spurs,START NYONI,
180,Liverpool,Liverpool V Spurs,"Stay our trio that win us title szobo, macca, grav in midfield. bench Wirtz.","Alexis Mac Allister, Dominik Szoboszlai, Florian Wirtz"
181,Liverpool,Liverpool V Spurs,SZO GOAL HERE ⚽😱😱😱😱😱😱🔴👈🏻,
182,Liverpool,Liverpool V Spurs,Szobo gives us the Steven Gerrard vibes,Dominik Szoboszlai
183,Liverpool,Liverpool V Spurs,Szobo is literally a Steven Gerrard regen,Dominik Szoboszlai
184,Liverpool,Liverpool V Spurs,Szobo No.10 and Wirtz on the bench. Wirtz needs to fight for his place now! Hope that’ll be a wake up call for him🤞YNWA,"Dominik Szoboszlai, Florian Wirtz"
185,Liverpool,Liverpool V Spurs,Szobo took away all our frustration with that screamer,Dominik Szoboszlai
186,Liverpool,Liverpool V Spurs,Szobo unleashed the Gerrard in him🔥,Dominik Szoboszlai
187,Liverpool,Liverpool V Spurs,szoboslai only shoots,
188,Liverpool,Liverpool V Spurs,Szoboszlai goals just gets better and better,Dominik Szoboszlai
189,Liverpool,Liverpool V Spurs,Szoboszlai is an absolute engine in that midfield! What a performance to completely shut down their transitions🪄☠️,Dominik Szoboszlai
190,Liverpool,Liverpool V Spurs,Szoboszlai is àn absolute engine 🔥🔥🔥,Dominik Szoboszlai
191,Liverpool,Liverpool V Spurs,SZOBOSZLAI ONLY SCORES WORLDIES,Dominik Szoboszlai
192,Liverpool,Liverpool V Spurs,"Szoboszlai was our superstar again! the energy, quality and influence he brings are unreal. The only thing he needs to clean up is his ball retention… he gave possession away too cheaply a few times, and those moments can hurt us against better sides.",Dominik Szoboszlai
193,Liverpool,Liverpool V Spurs,SZOBOSZLAI WTAF 😍😍😍,Dominik Szoboszlai
194,Liverpool,Liverpool V Spurs,SZOBOSZLAI YOU BEAUTY 😍😍😍,Dominik Szoboszlai
195,Liverpool,Liverpool V Spurs,Szoboszlai 🔥🚀🔴,Dominik Szoboszlai
196,Liverpool,Liverpool V Spurs,Szoboszlaiii no 10 role is more effective. Wirtz should rest,Florian Wirtz
197,Liverpool,Liverpool V Spurs,Thank you Araujo ❤️🙏,
198,Liverpool,Liverpool V Spurs,"Thank you for coming, Spurs. Safe trip back to London☠️☠️",
199,Liverpool,Liverpool V Spurs,That Szobo strike was pure Stevie G,Dominik Szoboszlai
200,Liverpool,Liverpool V Spurs,The great wall of mamardashvili,Giorgi Mamardashvili
201,Liverpool,Liverpool V Spurs,They better play like this in The Premier League!! Please!!😭,
202,Liverpool,Liverpool V Spurs,"This performance is the type that is missing from last season. The energy, pressing the opponent & recovering the ball quickly. The type of striker that Liverpool needs since Firmino & Jota left us. Koumas press the opponent every single time, nyonyi stays in front of the defender to cover the back 4. Macca & Connell were good together. Joe Gomez was good after injury. Kerkez likes the player we sign from Bournemouth days. Brilliant job from Mamardashvili🔥","Alexis Mac Allister, Giorgi Mamardashvili"
203,Liverpool,Liverpool V Spurs,Three brilliant goals help us progress to round four of the Carabao Cup ✊,
204,Liverpool,Liverpool V Spurs,Tottenham made us look good,
205,Liverpool,Liverpool V Spurs,"Trey Nyoni, Lewis Koumas, James McConnell. These lots deserve a chance to play in Prem games",
206,Liverpool,Liverpool V Spurs,Vamoooooo,
207,Liverpool,Liverpool V Spurs,Was great Job❤️,
208,Liverpool,Liverpool V Spurs,We the great,
209,Liverpool,Liverpool V Spurs,We will never walk alone reds 4 life🔴🔴🔴👏👏🙌,
210,Liverpool,Liverpool V Spurs,we will never walk alone we are in the same road 🫠🙏🤲☺️,
211,Liverpool,Liverpool V Spurs,Well done the Reds 🔴,
212,Liverpool,Liverpool V Spurs,What a coach 🔥🔥🔥iraola,
213,Liverpool,Liverpool V Spurs,What a play next match against Chelsea same attitude! 👏👏👏.,
214,Liverpool,Liverpool V Spurs,What a rocket from Szoboszlai!🔥🔥,Dominik Szoboszlai
215,Liverpool,Liverpool V Spurs,What a ROCKET 🚀 💥,
216,Liverpool,Liverpool V Spurs,What apaleyer szoboslai,
217,Liverpool,Liverpool V Spurs,Wonderful strike from Szoboslai🥶🔥👏,
218,Liverpool,Liverpool V Spurs,Wooooooo,
219,Liverpool,Liverpool V Spurs,Yeah Wirtz benches this weekend.,Florian Wirtz
220,Liverpool,Liverpool V Spurs,Yeahhhh🔥🔥🔥❤️❤️❤️❤️,
221,Liverpool,Liverpool V Spurs,YNWA ❤️❤️❤️,
222,Liverpool,Liverpool V Spurs,YNWL❤️,
223,Liverpool,Liverpool V Spurs,You did it great game👏👏👏🔥🔥🔥,
224,Liverpool,Liverpool V Spurs,เต็มประตู,
225,Liverpool,Liverpool V Spurs,เฬิ่ดดดด,
226,Liverpool,Liverpool V Spurs,จร้า,
227,Liverpool,Liverpool V Spurs,🇰🇭🇰🇭🇰🇭,
228,Liverpool,Liverpool V Spurs,👏,
229,Liverpool,Liverpool V Spurs,👏,
230,Liverpool,Liverpool V Spurs,👏👏👏,
231,Liverpool,Liverpool V Spurs,👏👏👏👏👏❤️❤️❤️❤️,
232,Liverpool,Liverpool V Spurs,👏🔥,
233,Liverpool,Liverpool V Spurs,💪💪💪💪💪💪🔥🔥🔥🔥🔥🚀🚀🚀,
234,Liverpool,Liverpool V Spurs,🔥,
235,Liverpool,Liverpool V Spurs,🔥,
236,Liverpool,Liverpool V Spurs,🔥,
237,Liverpool,Liverpool V Spurs,🔥❤️😍🚀🔴😂,
238,Liverpool,Liverpool V Spurs,🔥👏,
239,Liverpool,Liverpool V Spurs,🔥🔥,
240,Liverpool,Liverpool V Spurs,🔥🔥,
241,Liverpool,Liverpool V Spurs,🔥🔥🔥,
242,Liverpool,Liverpool V Spurs,🔥🔥🔥,
243,Liverpool,Liverpool V Spurs,🔥🔥🔥,
244,Liverpool,Liverpool V Spurs,🔥🔥🔥,
245,Liverpool,Liverpool V Spurs,🔥🔥🔥,
246,Liverpool,Liverpool V Spurs,🔥🔥🔥❤️,
247,Liverpool,Liverpool V Spurs,🔥🔥🔥🔥🔥,
248,Liverpool,Liverpool V Spurs,🔥🔥🔥🔥🔥🙌🙌👏🔥,
249,Liverpool,Liverpool V Spurs,🔥🔥🚀❤️🔥😍🔴,
250,Liverpool,Liverpool V Spurs,🔥😍🙌❤️,
251,Liverpool,Liverpool V Spurs,🔴,
252,Liverpool,Liverpool V Spurs,🔴,
253,Liverpool,Liverpool V Spurs,😂,
254,Liverpool,Liverpool V Spurs,😂 let’s go and sleep,
255,Liverpool,Liverpool V Spurs,😍,
256,Liverpool,Liverpool V Spurs,😍😍,
257,Liverpool,Liverpool V Spurs,😍😍,
258,Liverpool,Liverpool V Spurs,😍😍🔥,
259,Liverpool,Liverpool V Spurs,😍🚀,
260,Liverpool,Liverpool V Spurs,🙌,
261,Liverpool,Liverpool V Spurs,🙌,
262,Liverpool,Liverpool V Spurs,🙌❤️❤️❤️❤️❤️,
263,Liverpool,Liverpool V Spurs,🙌❤️🚀,
264,Liverpool,Liverpool V Spurs,🙌🍊🍵🧉☕✨️,
265,Liverpool,Liverpool V Spurs,🙌🙌🙌🙌🙌❤️❤️❤️❤️,
266,Liverpool,Liverpool V Spurs,🙌🙌🙌🙌🙌👏👏👏👏,
267,Liverpool,Liverpool V Spurs,🚀proud of my boys 👌🏾,
268,Liverpool,Liverpool V Spurs,🚀🚀,
269,Liverpool,Liverpool V Spurs,🚀🚀,
270,Liverpool,Liverpool V Spurs,🚀🚀🚀❤️❤️,
271,Liverpool,Liverpool V Spurs,🥳,
272,Liverpool,Liverpool V Spurs,흐흐랑 마카는 축구력 나눠쓰나,
273,Manchester City,City V Sunderland,❤️🔥👏👏👏,
274,Manchester City,City V Sunderland,A rollercoaster of emotions!! 🩵🩵,
275,Manchester City,City V Sunderland,Absolute cinema 🙌🔥,
276,Manchester City,City V Sunderland,All in 💙,
277,Manchester City,City V Sunderland,auuuu 🩵,
278,Manchester City,City V Sunderland,Big win 💙👏,
279,Manchester City,City V Sunderland,city kamu keren banget 💙,
280,Manchester City,City V Sunderland,City on top,
281,Manchester City,City V Sunderland,City V Sunderland,
282,Manchester City,City V Sunderland,Cityyy,
283,Manchester City,City V Sunderland,Come on citey 💙🥳🤸🏽,
284,Manchester City,City V Sunderland,COME ONNNNN,
285,Manchester City,City V Sunderland,Comon City 🩵,
286,Manchester City,City V Sunderland,Congratulations my babies 🩵🤍💪,
287,Manchester City,City V Sunderland,Egiluyyyy 🔥,
288,Manchester City,City V Sunderland,Enzo enzo our VILLIAN🔥🔥,
289,Manchester City,City V Sunderland,Enzo is a baller 👏,
290,Manchester City,City V Sunderland,Enzo te amamos 😍🩵,
291,Manchester City,City V Sunderland,Enzoo 🔥Enzoo🔥Enzoo,
292,Manchester City,City V Sunderland,Enzooo El Mejorr 😆⭐️⭐️⭐️💎,
293,Manchester City,City V Sunderland,Enzooooooooooo,
294,Manchester City,City V Sunderland,Enzooo😍💙,
295,Manchester City,City V Sunderland,GASYORRR🔥,
296,Manchester City,City V Sunderland,Geloooo🩵🩵,
297,Manchester City,City V Sunderland,Go city💙,
298,Manchester City,City V Sunderland,HALA CITY 🩵 🔥 🙌,
299,Manchester City,City V Sunderland,I for real celebrate💙💙😍❤️🔥,
300,Manchester City,City V Sunderland,I luv the club 🩵🩵🩵,
301,Manchester City,City V Sunderland,I was sh*tting my pants watching this match 😭. Thanks City 🫂🩵,
302,Manchester City,City V Sunderland,I will always LOVE this TEAM forever 🥵💎🩵,
303,Manchester City,City V Sunderland,Ii game ci ya mchezi bn,
304,Manchester City,City V Sunderland,Is blue🥶🥶💙💙,
305,Manchester City,City V Sunderland,Kelvin Enzo 17💙😂,
306,Manchester City,City V Sunderland,Khusa come to another club in winter!!!,
307,Manchester City,City V Sunderland,Let go citizens🔥🙌👏💪,
308,Manchester City,City V Sunderland,Let’s go CITY !!!!,
309,Manchester City,City V Sunderland,Let’s go 😍😍🩵👏,
310,Manchester City,City V Sunderland,Let's go city💙💙,
311,Manchester City,City V Sunderland,LET'S GOOOO🩵,
312,Manchester City,City V Sunderland,Liverpool is coming,
313,Manchester City,City V Sunderland,Lo que juegan estos 2 🔥🔥🔥🔥,
314,Manchester City,City V Sunderland,Love my boys 🩵🩵,
315,Manchester City,City V Sunderland,MAN CITY GOALS ARE HERE GUYS! ⚽️⚽️⚽️⚽️⚽️🔵,
316,Manchester City,City V Sunderland,Manchester is blue 💙🇳🇴,
317,Manchester City,City V Sunderland,manchester is blue 🩵,
318,Manchester City,City V Sunderland,manchester is bluee🩵,
319,Manchester City,City V Sunderland,Manchester is blue💙💙,
320,Manchester City,City V Sunderland,Manchester is 🔥🔥💙💙,
321,Manchester City,City V Sunderland,Maresca Ball🩵🫡,
322,Manchester City,City V Sunderland,nice🙌,
323,Manchester City,City V Sunderland,Nice🩵🩵,
324,Manchester City,City V Sunderland,Not too happy but a win is a win 🩵,
325,Manchester City,City V Sunderland,Premier 26/27🙌🙌,
326,Manchester City,City V Sunderland,Proper game🩵🩵🩵🩵,
327,Manchester City,City V Sunderland,"Ruben has nothing over khusanov,,",
328,Manchester City,City V Sunderland,Secure the bag +3,
329,Manchester City,City V Sunderland,Semenyo🔥🔥🔥🔥,
330,Manchester City,City V Sunderland,Semenyo🩵🩵🩵,
331,Manchester City,City V Sunderland,Seru🙌,
332,Manchester City,City V Sunderland,Shuu🙌🔥,
333,Manchester City,City V Sunderland,Thank you so much my favourite team the blues 💙 for this win iam going to sleep well,
334,Manchester City,City V Sunderland,This game was always gonna be tough but fahh😭atleast we first,
335,Manchester City,City V Sunderland,This game. Wow!,
336,Manchester City,City V Sunderland,This is Man City 💙💪,
337,Manchester City,City V Sunderland,Top of the league,
338,Manchester City,City V Sunderland,Top of the league!!!🩵🩵,
339,Manchester City,City V Sunderland,We are citizens,
340,Manchester City,City V Sunderland,We are who we think we are 🩵🩵,
341,Manchester City,City V Sunderland,We the best🩵🩵🩵,
342,Manchester City,City V Sunderland,We won last last,
343,Manchester City,City V Sunderland,What a game,
344,Manchester City,City V Sunderland,What a game! 🤯🔥,
345,Manchester City,City V Sunderland,Whata brilliant match keep it up 🩵🩵🩵,
346,Manchester City,City V Sunderland,Wining spree 🙌🩵,
347,Manchester City,City V Sunderland,Wow,
348,Manchester City,City V Sunderland,Yes Enzo boyyyyy🩵,
349,Manchester City,City V Sunderland,Yesssss 😍🩵,
350,Manchester City,City V Sunderland,You Can Never Shame the SHAMELESS 🔥💙💙😍,
351,Manchester City,City V Sunderland,"You eat it, Enzo!🩵🩵",
352,Manchester City,City V Sunderland,Your not,
353,Manchester City,City V Sunderland,انزو احبك تكف لا تجلدنا بدوري الأبطال,
354,Manchester City,City V Sunderland,👍🏾victory!,
355,Manchester City,City V Sunderland,👏,
356,Manchester City,City V Sunderland,👏👏❤️❤️bravo les gars,
357,Manchester City,City V Sunderland,👏👏👏,
358,Manchester City,City V Sunderland,👏👏👏,
359,Manchester City,City V Sunderland,👏👏👏👏👏,
360,Manchester City,City V Sunderland,👏👏👏👏👏👏,
361,Manchester City,City V Sunderland,👏👏👏👏👏👏👏👏👏👏,
362,Manchester City,City V Sunderland,👏🩵,
363,Manchester City,City V Sunderland,💙,
364,Manchester City,City V Sunderland,💙,
365,Manchester City,City V Sunderland,💙,
366,Manchester City,City V Sunderland,💙,
367,Manchester City,City V Sunderland,💙💙,
368,Manchester City,City V Sunderland,💙💙,
369,Manchester City,City V Sunderland,💙💙❤️❤️,
370,Manchester City,City V Sunderland,💙💙city always 🙌🔥,
371,Manchester City,City V Sunderland,💙💙👏👏👏,
372,Manchester City,City V Sunderland,💙💙💙,
373,Manchester City,City V Sunderland,💙💙💙,
374,Manchester City,City V Sunderland,💙💙💙,
375,Manchester City,City V Sunderland,💙💙💙👏,
376,Manchester City,City V Sunderland,💙💙💙💙,
377,Manchester City,City V Sunderland,💙💙💙💙,
378,Manchester City,City V Sunderland,💙💙💙💙,
379,Manchester City,City V Sunderland,💙💙💙💙💙,
380,Manchester City,City V Sunderland,💙💙💙💙🔥🔥🔥🙌🙌🙌,
381,Manchester City,City V Sunderland,💙🔥👏,
382,Manchester City,City V Sunderland,💙😍,
383,Manchester City,City V Sunderland,🔥,
384,Manchester City,City V Sunderland,🔥,
385,Manchester City,City V Sunderland,🔥,
386,Manchester City,City V Sunderland,🔥,
387,Manchester City,City V Sunderland,🔥,
388,Manchester City,City V Sunderland,🔥👏 CITY!!!!!,
389,Manchester City,City V Sunderland,🔥🔥💙,
390,Manchester City,City V Sunderland,🔥🔥🔥,
391,Manchester City,City V Sunderland,🔥🔥🔥,
392,Manchester City,City V Sunderland,🔥🔥🔥,
393,Manchester City,City V Sunderland,🔥🔥🔥,
394,Manchester City,City V Sunderland,🔥🔥🔥💙,
395,Manchester City,City V Sunderland,🔥🔥🔥🔥,
396,Manchester City,City V Sunderland,🔥🔥🔥🔥,
397,Manchester City,City V Sunderland,🔥🔥🔥🔥,
398,Manchester City,City V Sunderland,🔥🔥🔥🔥,
399,Manchester City,City V Sunderland,🔥🔥🔥🔥,
400,Manchester City,City V Sunderland,🔥🔥🔥🔥😍😍😍😍😍😍,
401,Manchester City,City V Sunderland,🔥🔥🔥😤😤😤😤🩵🩵,
402,Manchester City,City V Sunderland,🔥🔥🩵,
403,Manchester City,City V Sunderland,🔥🩵,
404,Manchester City,City V Sunderland,🔥🩵🙌,
405,Manchester City,City V Sunderland,🔥🩵🩵🩵,
406,Manchester City,City V Sunderland,😂😂,
407,Manchester City,City V Sunderland,😍💙,
408,Manchester City,City V Sunderland,😍😍😍,
409,Manchester City,City V Sunderland,😍😍😍🩵🩵🩵🩵,
410,Manchester City,City V Sunderland,😭😭😭+3,
411,Manchester City,City V Sunderland,🙌,
412,Manchester City,City V Sunderland,🙌,
413,Manchester City,City V Sunderland,🙌👏,
414,Manchester City,City V Sunderland,🙌💙,
415,Manchester City,City V Sunderland,🤏🏽🩵🤍🩵,
416,Manchester City,City V Sunderland,🩵,
417,Manchester City,City V Sunderland,🩵,
418,Manchester City,City V Sunderland,🩵,
419,Manchester City,City V Sunderland,🩵,
420,Manchester City,City V Sunderland,🩵,
421,Manchester City,City V Sunderland,🩵💙🙌🩵💙,
422,Manchester City,City V Sunderland,🩵🤍,
423,Manchester City,City V Sunderland,🩵🩵,
424,Manchester City,City V Sunderland,🩵🩵,
425,Manchester City,City V Sunderland,🩵🩵,
426,Manchester City,City V Sunderland,🩵🩵🔥,
427,Manchester City,City V Sunderland,🩵🩵🩵,
428,Manchester City,City V Sunderland,🩵🩵🩵,
429,Manchester City,City V Sunderland,🩵🩵🩵,
430,Manchester City,City V Sunderland,🩵🩵🩵,
431,Manchester City,City V Sunderland,🩵🩵🩵,
432,Manchester City,City V Sunderland,🩵🩵🩵,
433,Manchester City,City V Sunderland,🩵🩵🩵,
434,Manchester City,City V Sunderland,🩵🩵🩵🩵,
435,Manchester City,City V Sunderland,🩵🩵🩵🩵🩵,
436,Manchester City,City V Sunderland,🩵🩵🩵🩵🩵,
437,Manchester City,City V Sunderland,🩵🩵🩵🩵🩵🩵🩵,
438,Manchester City,City V Sunderland,🩵🩵🩵🩵🩵🩵🩵🩵,
439,Manchester City,City V Sunderland,🫶🇺🇿🫶🩵🩵🩵🧿👆,
440,Manchester City,City V Norwich,4 clean sheets in a row!!! 🔥 Enzo?!?! What are you doing w my club?!?! Enzo Maresca!!! ENZO MARESCA?!?!🩵🩵😭,
441,Manchester City,City V Norwich,5 Stars Maratantastic Man City 🙌🩵🏆,
442,Manchester City,City V Norwich,"6 in 6 , MARESCA I RECOGNISE MY CLUB AGAIN 🩵🩵🩵😭😭😭😭 THANK YOU BOSS 🙏🏾🙏🏾🙏🏾🙏🏾",
443,Manchester City,City V Norwich,A winning start to our League Cup campaign! 🌟,
444,Manchester City,City V Norwich,aghaaaaa🩵,
445,Manchester City,City V Norwich,Ait nouri 2 assiste🇩🇿🔥🙌❤️,
446,Manchester City,City V Norwich,"Ait Nouri a délivré deux passes décisives, merci.😍",
447,Manchester City,City V Norwich,Ait Nouri should participate in every match,
448,Manchester City,City V Norwich,Ait nouri two assist and hole player 🔥🔥,
449,Manchester City,City V Norwich,Ait nouri 😍😍😍😍😍😍,
450,Manchester City,City V Norwich,Ait nourii 🇩🇿🩵,
451,Manchester City,City V Norwich,"ait-nouri did lose the ball a few times, but every player does, he was still the one trying to attack the most and carry the ball forward, created so so many chances more than anyone else, and he got two assists and had the second-highest rating in the match 8.7 ❤️",
452,Manchester City,City V Norwich,Ait-nouri mvp,
453,Manchester City,City V Norwich,Allan is already better than savinho👏,
454,Manchester City,City V Norwich,Always Manchester is blue 🩵🩵🩵👌🏾🙏🏾,
455,Manchester City,City V Norwich,Anjay,
456,Manchester City,City V Norwich,awal jumat yang indah😍🩵,
457,Manchester City,City V Norwich,ay dont sleep on my man tyrone samba all im sayin👀👀👀,
458,Manchester City,City V Norwich,Best team ever❤️❤️❤️,
459,Manchester City,City V Norwich,Best time,
460,Manchester City,City V Norwich,Big team 😍😍😍😍,
461,Manchester City,City V Norwich,BIG 🩵,
462,Manchester City,City V Norwich,Bouaadi 💎💎✅,
463,Manchester City,City V Norwich,bouaddi was literally moving like prime Rodri we have found our future🩵🥹,Rodri
464,Manchester City,City V Norwich,Brighton bersiaplahhh 😏,
465,Manchester City,City V Norwich,bully,
466,Manchester City,City V Norwich,C’mon CITY 🩵,
467,Manchester City,City V Norwich,Cacorr🔥🔥🔥🔥👏👏,
468,Manchester City,City V Norwich,City menolak kalah,
469,Manchester City,City V Norwich,City winning the treble🩵🩵,
470,Manchester City,City V Norwich,Cityzens 🩵,
471,Manchester City,City V Norwich,"Cityzens, our future is bright 🩵",
472,Manchester City,City V Norwich,CLEAN SHEEET👏,
473,Manchester City,City V Norwich,"Come on, City",
474,Manchester City,City V Norwich,come onnn cityyy💙,
475,Manchester City,City V Norwich,Crazy streak,
476,Manchester City,City V Norwich,cũng thường thôi,
477,Manchester City,City V Norwich,debut manis samboooo,
478,Manchester City,City V Norwich,Desfrutem da essência brasileira ❤️💚,
479,Manchester City,City V Norwich,Dominance end to end,
480,Manchester City,City V Norwich,Easy win 🩵🩵,
481,Manchester City,City V Norwich,Enzo 🩵⛵️,
482,Manchester City,City V Norwich,Enzo👏👏,
483,Manchester City,City V Norwich,Ez win🩵,
484,Manchester City,City V Norwich,Fellas r cooking 💙,
485,Manchester City,City V Norwich,Floyd Samba remember the name🔥,
486,Manchester City,City V Norwich,ga kaget,
487,Manchester City,City V Norwich,gelooooo 🔥🩵🩵,
488,Manchester City,City V Norwich,gonjang ganjing🔥💙,
489,Manchester City,City V Norwich,good boys👍,
490,Manchester City,City V Norwich,Good game City! good game aït nouri 🇩🇿🪄,
491,Manchester City,City V Norwich,Great game city! Great game Bouaddi ✨🇲🇦,
492,Manchester City,City V Norwich,Guys ayoubb bouaddi is playing tough football at the age of 18,
493,Manchester City,City V Norwich,gw tidur dibabak kedua,
494,Manchester City,City V Norwich,"Haaland, Dias, and Gvardiol are resting at home while a group of teenagers casually drops a 5-0 masterclass in the EFL Cup. The rest of Europe is cooked🤯💀",Erling Haaland
495,Manchester City,City V Norwich,Hace 7 días,
496,Manchester City,City V Norwich,I am certain that the ones playing for us are better than those playing for United.,
497,Manchester City,City V Norwich,I love you City🩵🩵🩵,
498,Manchester City,City V Norwich,i thought it just the appearances are the same but his magic is just similar as pep 🔥,Pep Guardiola
499,Manchester City,City V Norwich,"It's Man City, not Barça 😂",
500,Manchester City,City V Norwich,"Kedalaman squad nya mayan niih, bisaa yuk sixtuple. Moment abiisss pildun biasanya pada gacorrr, kek kemarin treble gitu lhoo🩵🩵🩵🩵",
501,Manchester City,City V Norwich,Khusanov🩵,
502,Manchester City,City V Norwich,"Kova masterclass, plastic fans will never make me hate unc!",
503,Manchester City,City V Norwich,Kovacic need to start regular 🔥🔥,
504,Manchester City,City V Norwich,Kovacic the boss on the pitch,
505,Manchester City,City V Norwich,Kovacic was training the young ones.. MOTM!! 💯💯,
506,Manchester City,City V Norwich,Let’s go City! 🩵,
507,Manchester City,City V Norwich,Let's just donate Rico lewis to united 😂,
508,Manchester City,City V Norwich,M City on fire.. lini tengahnya bisa Cover Back nya cepet bgt. 🔥,
509,Manchester City,City V Norwich,Macaido 🔥🔥🔥,
510,Manchester City,City V Norwich,Mak aiii sampai 5 goal dibeduknya 😂,
511,Manchester City,City V Norwich,MAN CITY GOALS HERE ⚽🩵👈🏻,
512,Manchester City,City V Norwich,Man city pantai gacor👏👏👏🔥🔥🔥,
513,Manchester City,City V Norwich,Man u 2+3 =5 man city,
514,Manchester City,City V Norwich,"Man U thinks it’s AI, with our B team Btw, come on cityyyyy🩵🩵🩵🩵🔥🔥🔥🤸🏽🤸🏽🤸🏽🤸🏽",
515,Manchester City,City V Norwich,Man United fans will think this is AI 🤣,
516,Manchester City,City V Norwich,Man United think it’s Ai😭😭,
517,Manchester City,City V Norwich,Man United thinks it's Ai 😢😢,
518,Manchester City,City V Norwich,Manchester Asli 🔥,
519,Manchester City,City V Norwich,Manchester blue yg merah kopdes,
520,Manchester City,City V Norwich,Manchester City Good! 🩵🥳,
521,Manchester City,City V Norwich,MANCHESTER IS BLUE YE🩵,
522,Manchester City,City V Norwich,Manchester is blue 💙,
523,Manchester City,City V Norwich,Manchester is blue🩵,
524,Manchester City,City V Norwich,Manchester is still Blue 🩵,
525,Manchester City,City V Norwich,"Manchester United, come and see your big brother 😂Sit down, watch and take notes..this is the lesson you’ve been missing. 🩵",
526,Manchester City,City V Norwich,Manchester wining 6-6 this is normal with maresca ball,
527,Manchester City,City V Norwich,MANCHESTERR BLUEEE 🩵🩵🩵,
528,Manchester City,City V Norwich,Mancity’s academy makes talents no doubt 🔥⚽️,
529,Manchester City,City V Norwich,ManU thinks this is AI 😂,
530,Manchester City,City V Norwich,Maresca ball 🥵🔥,
531,Manchester City,City V Norwich,Maresca ball 🩵,
532,Manchester City,City V Norwich,Maresca era 🩵👏,
533,Manchester City,City V Norwich,Maresca you've changed my life damn😭❤️,
534,Manchester City,City V Norwich,Masterful 🙌🏿,
535,Manchester City,City V Norwich,Mcfc Wythenshawe.,
536,Manchester City,City V Norwich,My city 🏙️,
537,Manchester City,City V Norwich,My city 🦾,
538,Manchester City,City V Norwich,Nico G >>>>>> kovacic tbh both great players tho .♥️,
539,Manchester City,City V Norwich,Nobody talking about uncle Kova🩵👏,
540,Manchester City,City V Norwich,"Norwich came to play, City came to feast.",
541,Manchester City,City V Norwich,Okk lewis bro I think it's time to change sports,
542,Manchester City,City V Norwich,One day they will salute,
543,Manchester City,City V Norwich,ORIGINAL MANCHESTER 💙💙💙,
544,Manchester City,City V Norwich,Our academy players are 🔥🔥🔥,
545,Manchester City,City V Norwich,Our future is in great hands 🔥🩵,
546,Manchester City,City V Norwich,Our second team wingers got their goals before our first team wingers😂,
547,Manchester City,City V Norwich,PESTA GOLL 👏🩵,
548,Manchester City,City V Norwich,"Rico Lewis,man united,TOT,MLS they all play the same football",
549,Manchester City,City V Norwich,Samba is an absolute gem !!!🩵🤞😭,
550,Manchester City,City V Norwich,Samba is only 17 yrs old?! What a gem💎,
551,Manchester City,City V Norwich,Samba is the future🔥🔥🔥🔥🔥🔥,
552,Manchester City,City V Norwich,"Samba, Allan, Bouaddi 😍🩵",
553,Manchester City,City V Norwich,Samba. What a player you are!,
554,Manchester City,City V Norwich,Samba🙌🙌🙌🙌🔥,
555,Manchester City,City V Norwich,Sky blue🔥👏,
556,Manchester City,City V Norwich,Soffffffttttt,
557,Manchester City,City V Norwich,Some can't relate,
558,Manchester City,City V Norwich,Some club needs to learn how to protect 2 goals lead😂 Come on City🩵,
559,Manchester City,City V Norwich,Sumpah ta iki,
560,Manchester City,City V Norwich,Thank you Jesus 💙💙💙,
561,Manchester City,City V Norwich,That boaudi and sir kova midfield🔥🔥,
562,Manchester City,City V Norwich,Thats how you protect a 2 goal lead neighbours😍😍😍😂😂😂🔥,
563,Manchester City,City V Norwich,The boys were good out there tonight 👏👏 great game 🔥🔥🔥🔥,
564,Manchester City,City V Norwich,The youngster did great🩵 COME ON CITYZEN🩵,
565,Manchester City,City V Norwich,They said we will go back to our teams? 🩵 we told them we are are Man City,
566,Manchester City,City V Norwich,This team with or without guardiola KNOWS how to win!!! 🔥🔥🔥,Pep Guardiola
567,Manchester City,City V Norwich,This young side of MCI only knows to attack 😅🔥,
568,Manchester City,City V Norwich,Those small boys cooked 🩵,
569,Manchester City,City V Norwich,Tim kecil harapan besar🙌🙌🙌🙌🙌💙,
570,Manchester City,City V Norwich,UNSTOPPABLE,
571,Manchester City,City V Norwich,Up man City,
572,Manchester City,City V Norwich,Uuuuuuuuuuuuuuh am very proud of my team 💙💙💙💙💙💙,
573,Manchester City,City V Norwich,Very impressive. Samba 🔥🔥,
574,Manchester City,City V Norwich,"Vitor Reis 🙌🙌🔥 take a bow, line breaking passes expect",
575,Manchester City,City V Norwich,Wangi banget ngab 🩵,
576,Manchester City,City V Norwich,we are the real manchester 😂🩵,
577,Manchester City,City V Norwich,We don't disappoint 🔥,
578,Manchester City,City V Norwich,We finished 😭😭😭🤣🤣🤣🤣🤣🤣🤣🤣🤣,
579,Manchester City,City V Norwich,"We genuinely do not need to sign a backup striker, Samba is who we need, a youngster who'd shine when given a chance, names like marmoush and alvarez are big enough to not sit on the bench therefore we don't have to sign another one of those",
580,Manchester City,City V Norwich,well done boys .💙💙💙,
581,Manchester City,City V Norwich,"Well done boys Samba has potential, Mc Aidoo is the future Doku , Allan will cook , Bouaddi perfect 6 🔥🔥🔥",
582,Manchester City,City V Norwich,Well done lads 👏🩵🤍,
583,Manchester City,City V Norwich,"Well played , unto the next👏",
584,Manchester City,City V Norwich,Welldone fellows 🔥,
585,Manchester City,City V Norwich,What a beauty 🤌🏽🔥🩵,
586,Manchester City,City V Norwich,What a game 😍🩵 mon city d’amouuuuur,
587,Manchester City,City V Norwich,"What a masterclass performance! 5 goals, clean sheet, and unbelievable energy from the whole team. Come on City! 🩵🔥",
588,Manchester City,City V Norwich,When are we playing United next? I need these boys to Cook them,
589,Manchester City,City V Norwich,Why you all peoples don't appreciate on Rico Lewis he is a good player,
590,Manchester City,City V Norwich,wkwkwk 🩵,
591,Manchester City,City V Norwich,Wow amazing 🩵🩵🔥,
592,Manchester City,City V Norwich,Ya’ll thought it’s only Barca that knows how to score 5 goals😂,
593,Manchester City,City V Norwich,Yeayyy🩵,
594,Manchester City,City V Norwich,Yerrr man,
595,Manchester City,City V Norwich,شخصية حامل اللقب 🥶🥶🥶,
596,Manchester City,City V Norwich,🇧🇷🐷,
597,Manchester City,City V Norwich,👍🏾,
598,Manchester City,City V Norwich,👏,
599,Manchester City,City V Norwich,👏👏,
600,Manchester City,City V Norwich,👏👏👏,
601,Manchester City,City V Norwich,👏👏👏,
602,Manchester City,City V Norwich,👏👏👏,
603,Manchester City,City V Norwich,👏👏👏👏,
604,Manchester City,City V Norwich,👏👏👏👏,
605,Manchester City,City V Norwich,👏👏🔥🔥🔥,
606,Manchester City,City V Norwich,👏🔥,
607,Manchester City,City V Norwich,👏🔥,
608,Manchester City,City V Norwich,👏🔥🔥,
609,Manchester City,City V Norwich,👏🩵,
610,Manchester City,City V Norwich,👑🩵🩵🩵,
611,Manchester City,City V Norwich,💙,
612,Manchester City,City V Norwich,💙,
613,Manchester City,City V Norwich,💙💙,
614,Manchester City,City V Norwich,💙💙,
615,Manchester City,City V Norwich,💙💙,
616,Manchester City,City V Norwich,💙💙💙,
617,Manchester City,City V Norwich,💙💙💙💙,
618,Manchester City,City V Norwich,💙💙💙💙,
619,Manchester City,City V Norwich,💙💙💙💙💙,
620,Manchester City,City V Norwich,💙💙💙💙💙,
621,Manchester City,City V Norwich,💙💙💙💙💙,
622,Manchester City,City V Norwich,💙💙💙💙💙💙city for life,
623,Manchester City,City V Norwich,💙💙💙😍🔥,
624,Manchester City,City V Norwich,💙🔥,
625,Manchester City,City V Norwich,💙🔥,
626,Manchester City,City V Norwich,💙😍,
627,Manchester City,City V Norwich,💙🩵💙🩵,
628,Manchester City,City V Norwich,🔥,
629,Manchester City,City V Norwich,🔥,
630,Manchester City,City V Norwich,🔥,
631,Manchester City,City V Norwich,🔥💙,
632,Manchester City,City V Norwich,🔥💙,
633,Manchester City,City V Norwich,🔥🔥,
634,Manchester City,City V Norwich,🔥🔥,
635,Manchester City,City V Norwich,🔥🔥,
636,Manchester City,City V Norwich,🔥🔥,
637,Manchester City,City V Norwich,🔥🔥,
638,Manchester City,City V Norwich,🔥🔥,
639,Manchester City,City V Norwich,🔥🔥,
640,Manchester City,City V Norwich,🔥🔥,
641,Manchester City,City V Norwich,🔥🔥,
642,Manchester City,City V Norwich,🔥🔥,
643,Manchester City,City V Norwich,🔥🔥,
644,Manchester City,City V Norwich,🔥🔥🔥,
645,Manchester City,City V Norwich,🔥🔥🔥,
646,Manchester City,City V Norwich,🔥🔥🔥,
647,Manchester City,City V Norwich,🔥🔥🔥,
648,Manchester City,City V Norwich,🔥🔥🔥,
649,Manchester City,City V Norwich,🔥🔥🔥,
650,Manchester City,City V Norwich,🔥🔥🔥🔥,
651,Manchester City,City V Norwich,🔥🔥🔥🔥,
652,Manchester City,City V Norwich,🔥🔥🔥🔥,
653,Manchester City,City V Norwich,🔥🔥🔥🔥,
654,Manchester City,City V Norwich,🔥🔥🔥🔥,
655,Manchester City,City V Norwich,🔥🔥🔥🔥💙💙💙,
656,Manchester City,City V Norwich,🔥🔥🔥🔥🔥,
657,Manchester City,City V Norwich,🔥🔥🔥🔥🔥💙💙💙💙,
658,Manchester City,City V Norwich,🔥🔥🔥🔥🔥🔥🔥,
659,Manchester City,City V Norwich,🔥🔥🩵🩵🩵🩵,
660,Manchester City,City V Norwich,😂😂,
661,Manchester City,City V Norwich,😍👏,
662,Manchester City,City V Norwich,😍🔥,
663,Manchester City,City V Norwich,😍🔥,
664,Manchester City,City V Norwich,😍😍😍,
665,Manchester City,City V Norwich,🙌,
666,Manchester City,City V Norwich,🙌,
667,Manchester City,City V Norwich,🤌🏽🤌🏽🤌🏽🤌🏽✨🩵🤍🩵✨,
668,Manchester City,City V Norwich,🦈,
669,Manchester City,City V Norwich,🩵,
670,Manchester City,City V Norwich,🩵,
671,Manchester City,City V Norwich,🩵,
672,Manchester City,City V Norwich,🩵,
673,Manchester City,City V Norwich,🩵,
674,Manchester City,City V Norwich,🩵,
675,Manchester City,City V Norwich,🩵 Great Game From Cityzens 🩵,
676,Manchester City,City V Norwich,🩵✊,
677,Manchester City,City V Norwich,🩵🇬🇼,
678,Manchester City,City V Norwich,🩵👏,
679,Manchester City,City V Norwich,🩵😍,
680,Manchester City,City V Norwich,🩵🤍,
681,Manchester City,City V Norwich,🩵🤍,
682,Manchester City,City V Norwich,🩵🤍,
683,Manchester City,City V Norwich,🩵🩵,
684,Manchester City,City V Norwich,🩵🩵,
685,Manchester City,City V Norwich,🩵🩵,
686,Manchester City,City V Norwich,🩵🩵,
687,Manchester City,City V Norwich,🩵🩵,
688,Manchester City,City V Norwich,🩵🩵,
689,Manchester City,City V Norwich,🩵🩵,
690,Manchester City,City V Norwich,🩵🩵,
691,Manchester City,City V Norwich,🩵🩵🩵,
692,Manchester City,City V Norwich,🩵🩵🩵,
693,Manchester City,City V Norwich,🩵🩵🩵,
694,Manchester City,City V Norwich,🩵🩵🩵,
695,Manchester City,City V Norwich,🩵🩵🩵,
696,Manchester City,City V Norwich,🩵🩵🩵,
697,Manchester City,City V Norwich,🩵🩵🩵,
698,Manchester City,City V Norwich,🩵🩵🩵My Confidence is Back 100%🙏🏾🙏🏾 CITIZEN 4life 🩵🩵🩵🩵🩵,
699,Manchester City,City V Norwich,🩵🩵🩵🩵,
700,Manchester City,City V Norwich,🩵🩵🩵🩵,
701,Manchester City,City V Norwich,🩵🩵🩵🩵🩵,
702,Manchester City,City V Norwich,🩵🩵🩵🩵🩵,
703,Manchester City,City V Norwich,🩵🩵🩵🩵🩵,
704,Manchester City,City V Norwich,🩵🩵🩵🩵🩵,
705,Manchester City,City V Norwich,🩵🩵🩵🩵🩵,
706,Manchester City,City V Norwich,🩵🩵🩵🩵🩵🩵,
707,Manchester City,City V Norwich,🩵🩵🩵🩵🩵🩵,
708,Manchester City,City V Norwich,🩵🩵🩵🩵🩵🩵✋🏿✋🏿✋🏿✋🏿✋🏿,
709,Manchester City,City V Norwich,🩵🩵🩵🩵🩵🩵🩵,
710,Manchester City,City V Norwich,🩵🩵🩵🩵🩵🩵🩵😍😍😍😍😍😍,
711,Manchester City,City V Norwich,🩵🩵🩵🩵🩵🩵🩵🩵🩵🩵,
712,Manchester United,United V Fulham,#InCarrickMeTrust,
713,Manchester United,United V Fulham,5 match 5 point 🗿,
714,Manchester United,United V Fulham,Amorim >>>>>,
715,Manchester United,United V Fulham,are we gonna ignore Mainoo for the first goal (own goal),Kobbie Mainoo
716,Manchester United,United V Fulham,astaghfirullah 😢,
717,Manchester United,United V Fulham,Bafikala zoona.🙏🏾,
718,Manchester United,United V Fulham,BS,
719,Manchester United,United V Fulham,cape ah,
720,Manchester United,United V Fulham,Chunha is to be play at Left Wing not a striker.,
721,Manchester United,United V Fulham,City Forever 🩵,
722,Manchester United,United V Fulham,Clown,
723,Manchester United,United V Fulham,Cunha effect 🔥🙌,
724,Manchester United,United V Fulham,cunha Lw /rash sit,
725,Manchester United,United V Fulham,Cunha🙌👏,
726,Manchester United,United V Fulham,Đcm bọn đần,
727,Manchester United,United V Fulham,Ehm..,
728,Manchester United,United V Fulham,Fuck of,
729,Manchester United,United V Fulham,Fuck off ineos,
730,Manchester United,United V Fulham,Have some shame. Mxim.,
731,Manchester United,United V Fulham,Hell nah💔,
732,Manchester United,United V Fulham,Here is my comment.😂,
733,Manchester United,United V Fulham,"I love, i’m sorry😢",
734,Manchester United,United V Fulham,I thought we were going away to prove a point....I never thought you meant a literal point💔,
735,Manchester United,United V Fulham,International break plus Baleba fitness ✅,
736,Manchester United,United V Fulham,It’s over guys we just have to accept it💔,
737,Manchester United,United V Fulham,It’s well,
738,Manchester United,United V Fulham,Its not first time🙂,
739,Manchester United,United V Fulham,Jingan,
740,Manchester United,United V Fulham,Klub opo iki jan,
741,Manchester United,United V Fulham,"Lammens can not catch the ball,why??",
742,Manchester United,United V Fulham,Lammens is sooo shit with the ball in his feet 😂😂,
743,Manchester United,United V Fulham,Lo LG kenapa brooo😢😭😭😭,
744,Manchester United,United V Fulham,"LU KENAPA LAGI SIH , YA ALLAH 😭 !!!",
745,Manchester United,United V Fulham,Lucky to get a point,
746,Manchester United,United V Fulham,Lucky to get a point! 😳,
747,Manchester United,United V Fulham,LW : CUNHA,
748,Manchester United,United V Fulham,Mainke terus kui bupati manchester rick carick 😌 pemain wes gaono niate blas ijek ae mbok starter,
749,Manchester United,United V Fulham,MasyaAllah💔,
750,Manchester United,United V Fulham,menango to suuu,
751,Manchester United,United V Fulham,Nice try,
752,Manchester United,United V Fulham,Not every great player makes a great manager 😉,
753,Manchester United,United V Fulham,Oi Carrick Cunha itu WINGER WOI,
754,Manchester United,United V Fulham,pfttt,
755,Manchester United,United V Fulham,Rashy oh Rashy,
756,Manchester United,United V Fulham,"Really our sup sub is Zirkzee 😂🤣. There’s is a strike not far but in Brian Brobbey, wow the guy is a beast",
757,Manchester United,United V Fulham,Return to factory settings for the season.,
758,Manchester United,United V Fulham,Seperti biasa kalo gak lose ya imbang 🤣🤣,
759,Manchester United,United V Fulham,Seri rasa kalah.,
760,Manchester United,United V Fulham,Shame on you all,
761,Manchester United,United V Fulham,So happy it’s an international break.,
762,Manchester United,United V Fulham,start cunha LW bruh,
763,Manchester United,United V Fulham,Such a below average team,
764,Manchester United,United V Fulham,Super lucky to get a point,
765,Manchester United,United V Fulham,Tai,
766,Manchester United,United V Fulham,Terrible performance 👎🏼,
767,Manchester United,United V Fulham,TERSERAH TERSERAH X1000,
768,Manchester United,United V Fulham,"Terusno ngampas ngene, tak blokir lo sue2🗿",
769,Manchester United,United V Fulham,Thank you Cuhna 😊 Thank you for saving me from banter,
770,Manchester United,United V Fulham,The international break will really save us stress 😞,
771,Manchester United,United V Fulham,This team nooo,
772,Manchester United,United V Fulham,tim jan…..,
773,Manchester United,United V Fulham,Tolong lah,
774,Manchester United,United V Fulham,We are still playing ten hag’s back 4 in 2026 btw,Erik ten Hag
775,Manchester United,United V Fulham,We can’t play football😢,
776,Manchester United,United V Fulham,We can't win anymore bro,
777,Manchester United,United V Fulham,We have a long way to go fr,
778,Manchester United,United V Fulham,We not a football Club anymore💔,
779,Manchester United,United V Fulham,We not going to compete with this coach 🤞🏿🤦🏿,
780,Manchester United,United V Fulham,We will love to won the premier League,
781,Manchester United,United V Fulham,What is the problem now ????,
782,Manchester United,United V Fulham,Who was waiting for my comment 😂😂😂,
783,Manchester United,United V Fulham,Wth was that,
784,Manchester United,United V Fulham,You never fail to amaze Jesus Christ!!!,
785,Manchester United,United V Fulham,Надо признать что Мю не топ клуб 💔,
786,Manchester United,United V Fulham,"Походу без очищения чемпионшипом, шансов на возвращение в элиту нет",
787,Manchester United,United V Fulham,ياخي اهيكم,
788,Manchester United,United V Fulham,บอดอลาา,
789,Manchester United,United V Fulham,💔,
790,Manchester United,United V Fulham,🔥,
791,Manchester United,United V Fulham,🔥,
792,Manchester United,United V Fulham,😂,
793,Manchester United,United V Fulham,😂,
794,Manchester United,United V Fulham,😂funny how guys blame Rashy for a Martinez mistake 😂😂grow up,
795,Manchester United,United V Fulham,😂😂,
796,Manchester United,United V Fulham,😂😂😂😂,
797,Manchester United,United V Fulham,😂😂😂😂look at us . 😂😂😂we are a joke,
798,Manchester United,United V Fulham,😂😂😂😂😂,
799,Manchester United,United V Fulham,😂😂😂😂😂😂,
800,Manchester United,United V Fulham,😌😌😌,
801,Manchester United,United V Fulham,😏,
802,Manchester United,United V Fulham,😐,
803,Manchester United,United V Fulham,😞kapan menang?,
804,Manchester United,United V Fulham,😡,
805,Manchester United,United V Fulham,😡😡😡,
806,Manchester United,United V Fulham,😡😡😡,
807,Manchester United,United V Fulham,😢😢😢😢,
808,Manchester United,United V Fulham,🙌,
809,Manchester United,United V Fulham,🤦,
810,Manchester United,United V Fulham,🤦‍♀️🤦‍♀️🤦‍♀️🤦‍♀️🤦‍♀️,
811,Manchester United,United V Fulham,🤦‍♂️,
812,Manchester United,United V Fulham,🤦🏿‍♂️,
813,Manchester United,United V Fulham,🤸🏻‍♂️,
814,Manchester United,United V Fulham,🥹💗🤙🏄‍♂️,
815,Manchester United,United V Brentford,❤️❤️,
816,Manchester United,United V Brentford,❤️❤️❤️❤️❤️,
817,Manchester United,United V Brentford,❤️🔥,
818,Manchester United,United V Brentford,❤️😮❤️,
819,Manchester United,United V Brentford,ajarin cara menang lagi tuh seniur u banh,
820,Manchester United,United V Brentford,Ajarin senior lu noh..,
821,Manchester United,United V Brentford,Akhir nya menang,
822,Manchester United,United V Brentford,akhirnya kinggg🔥,
823,Manchester United,United V Brentford,Are we serious?,
824,Manchester United,United V Brentford,At least the young bucks are winning,
825,Manchester United,United V Brentford,Atleast the u21s can win games,
826,Manchester United,United V Brentford,Awesome. 💪🏼,
827,Manchester United,United V Brentford,Better than over 21😂😢,
828,Manchester United,United V Brentford,Better than senior team 😂,
829,Manchester United,United V Brentford,Bring them on senior team😢,
830,Manchester United,United V Brentford,Bring them on the senior team!😢,
831,Manchester United,United V Brentford,Buang yarn?,
832,Manchester United,United V Brentford,Call em up asap!,
833,Manchester United,United V Brentford,Can they play for the first team ?,
834,Manchester United,United V Brentford,Can they play for the first team?,
835,Manchester United,United V Brentford,Can they play senior team?😭🥀,
836,Manchester United,United V Brentford,Can they train the senior team?,
837,Manchester United,United V Brentford,Can we play EPL with this team ??,
838,Manchester United,United V Brentford,Can't they just be playing all our games 😭😭,
839,Manchester United,United V Brentford,CLEAN 🔥🔥🔥,
840,Manchester United,United V Brentford,Even youngsters can,
841,Manchester United,United V Brentford,Finally 😁,
842,Manchester United,United V Brentford,Finally😢,
843,Manchester United,United V Brentford,Fuck jj lets go for chealse ibrahim rabbaj,
844,Manchester United,United V Brentford,Gacor🔥,
845,Manchester United,United V Brentford,Gg fugging ez🔥🔥,
846,Manchester United,United V Brentford,Glazers Out,
847,Manchester United,United V Brentford,gni kn enak,
848,Manchester United,United V Brentford,GO BOTH LOVELY TEAMS🔥❤️,
849,Manchester United,United V Brentford,Have some shame,
850,Manchester United,United V Brentford,Hawa U21 ni watu wa kazi 🔥,
851,Manchester United,United V Brentford,Hii team yakingese sana aiiise bc tu yaan,
852,Manchester United,United V Brentford,How !!!!,
853,Manchester United,United V Brentford,How about sinior team😂😂😂😂,
854,Manchester United,United V Brentford,How is the B team wining mot games then the A team🤦🏽‍♂️,
855,Manchester United,United V Brentford,I can't stop laughing at you guys🤣🤣🤣,
856,Manchester United,United V Brentford,I thought it was zirkzee,
857,Manchester United,United V Brentford,ibragimov,
858,Manchester United,United V Brentford,Ibragimov. That is all. What a f*cking BALLER. 🔥🔥🔥,
859,Manchester United,United V Brentford,It’s always U21/20 can’t the big team level up,
860,Manchester United,United V Brentford,It’s time to let them play for the senior team,
861,Manchester United,United V Brentford,"I've seen enough, start them for the next 34 league matches...",
862,Manchester United,United V Brentford,I've seen enough. Put them in the first team.,
863,Manchester United,United V Brentford,J J gabriel😢,
864,Manchester United,United V Brentford,JJ thought he was the engine🤣🤣🤣GGMU❤️,
865,Manchester United,United V Brentford,JJ who?,
866,Manchester United,United V Brentford,JJ 😢,
867,Manchester United,United V Brentford,Jumapili wacheze hawa watoto na kocha wao.Tukifungwa tujue moja tunajenga timu.Asante🙏🏽,
868,Manchester United,United V Brentford,Junior memberikan contoh senior❤️,
869,Manchester United,United V Brentford,Kangen kalah😹,
870,Manchester United,United V Brentford,Kapan ya tetakhir kalah😂,
871,Manchester United,United V Brentford,Kasih paham ke senior2 klen,
872,Manchester United,United V Brentford,Kelompok umur malahan bagus mainnya,
873,Manchester United,United V Brentford,kesi kerass kingg🔥🔥,
874,Manchester United,United V Brentford,Least someone is winning,
875,Manchester United,United V Brentford,Let them be first team,
876,Manchester United,United V Brentford,Let them play for the senior team,
877,Manchester United,United V Brentford,Let them play for the senior team...,
878,Manchester United,United V Brentford,Manchester is back to victory 👏👏,
879,Manchester United,United V Brentford,Meanwhile Chelsea got stung by the bees 😂,
880,Manchester United,United V Brentford,mejeuhhh,
881,Manchester United,United V Brentford,Minggu ceriaaaa 🔥,
882,Manchester United,United V Brentford,Minta lawan yg lebih keras lagi cik😂,
883,Manchester United,United V Brentford,More wins than our men’s team,
884,Manchester United,United V Brentford,Mxm,
885,Manchester United,United V Brentford,Naah kituuu atuuh euy 🙌,
886,Manchester United,United V Brentford,Nautanki muji haru ko 🤦🏻🤣,
887,Manchester United,United V Brentford,ngempukkk🔥,
888,Manchester United,United V Brentford,No Gabriel ? No problem. Ibragimov is still there...🔥🔥🔥,
889,Manchester United,United V Brentford,No gabriel it's okay,
890,Manchester United,United V Brentford,No jj no problem,
891,Manchester United,United V Brentford,No JJ No Problem,
892,Manchester United,United V Brentford,No jj no problem 🤝,
893,Manchester United,United V Brentford,"No JJ, no problem 👍🏻",
894,Manchester United,United V Brentford,Not celebrating yet let me keep laughing at Chelsea,
895,Manchester United,United V Brentford,Otw sunami tropi,
896,Manchester United,United V Brentford,Our joy giver 😍,
897,Manchester United,United V Brentford,Over 23 are shit 😂😂.. meanwhile Ineos out,
898,Manchester United,United V Brentford,Pasti jesfren saya seneng nih MU menang,
899,Manchester United,United V Brentford,Payback,
900,Manchester United,United V Brentford,play them in the prem,
901,Manchester United,United V Brentford,Pler,
902,Manchester United,United V Brentford,Premier club 🗑️🗑️,
903,Manchester United,United V Brentford,Promote them all to the first team. They know how to win. ❤️🔴⚽️,
904,Manchester United,United V Brentford,Promote them maybe they can win,
905,Manchester United,United V Brentford,Sell the club to sheikh Jasim,
906,Manchester United,United V Brentford,Sell Zirkzee we have a future players.,
907,Manchester United,United V Brentford,Shame the first team can’t take note,
908,Manchester United,United V Brentford,Siap2 tsunami trophy🔥,
909,Manchester United,United V Brentford,Sinarieun ah,
910,Manchester United,United V Brentford,Spin Spin Spin,
911,Manchester United,United V Brentford,Swap the teams,
912,Manchester United,United V Brentford,taekkk,
913,Manchester United,United V Brentford,Teach something to your seniors as well 😭,
914,Manchester United,United V Brentford,That's three wins from three for our U21s 👏,
915,Manchester United,United V Brentford,The only wins you can post... lol 😆,
916,Manchester United,United V Brentford,There are more serious,
917,Manchester United,United V Brentford,They play better than senior team,
918,Manchester United,United V Brentford,this is not going to make us forgive youuuu,
919,Manchester United,United V Brentford,Top performers 🔥,
920,Manchester United,United V Brentford,tsunami tropi,
921,Manchester United,United V Brentford,U21 🔥🔥,
922,Manchester United,United V Brentford,Vamos chicos!!!🔥,
923,Manchester United,United V Brentford,We gonna bring you to the EPL yall are gonna play shit,
924,Manchester United,United V Brentford,weyoh,
925,Manchester United,United V Brentford,When young guys better professional players 😢,
926,Manchester United,United V Brentford,Where was JJ 😢,
927,Manchester United,United V Brentford,Who wants to know their next match,
928,Manchester United,United V Brentford,Who's this tall lanky player,
929,Manchester United,United V Brentford,Why,
930,Manchester United,United V Brentford,William no Manchester😂😂😂,
931,Manchester United,United V Brentford,Willian?,
932,Manchester United,United V Brentford,Wis rapopo sing penting poin,
933,Manchester United,United V Brentford,With all games in a row then will give you.,
934,Manchester United,United V Brentford,Without JJ,
935,Manchester United,United V Brentford,Wkwkwk😂,
936,Manchester United,United V Brentford,Yaa gt yang junior aja yg main.. pusing!,
937,Manchester United,United V Brentford,yeeee🙌,
938,Manchester United,United V Brentford,yo ngnu ho,
939,Manchester United,United V Brentford,Қуанып жатсам У21 ғо😂,
940,Manchester United,United V Brentford,حلووة يا شباب أن شاء الله الفوز بالدوري,
941,Manchester United,United V Brentford,ليحب عالم غامبول يضيفنة😁💜,
942,Manchester United,United V Brentford,👏,
943,Manchester United,United V Brentford,👏,
944,Manchester United,United V Brentford,👏👏,
945,Manchester United,United V Brentford,👏👏,
946,Manchester United,United V Brentford,👏👏👏,
947,Manchester United,United V Brentford,👏👏👏,
948,Manchester United,United V Brentford,👏👏👏,
949,Manchester United,United V Brentford,👏👏👏,
950,Manchester United,United V Brentford,👏👏👏👏,
951,Manchester United,United V Brentford,🔥,
952,Manchester United,United V Brentford,🔥,
953,Manchester United,United V Brentford,🔥,
954,Manchester United,United V Brentford,🔥👏,
955,Manchester United,United V Brentford,🔥🔥,
956,Manchester United,United V Brentford,🔥🔥,
957,Manchester United,United V Brentford,🔥🔥,
958,Manchester United,United V Brentford,🔥🔥,
959,Manchester United,United V Brentford,🔥🔥🔥,
960,Manchester United,United V Brentford,🔥🔥🔥,
961,Manchester United,United V Brentford,😂,
962,Manchester United,United V Brentford,😂😂,
963,Manchester United,United V Brentford,😂😂,
964,Manchester United,United V Brentford,😂😂 better than fucking first team,
965,Manchester United,United V Brentford,😂😂😂😂,
966,Manchester United,United V Brentford,😂😂😂😂Bring all of them to the first team once,
967,Manchester United,United V Brentford,😂😂😂😂😂,
968,Manchester United,United V Brentford,😂😂😂😂😂😂 so now you're happy for this,
969,Manchester United,United V Brentford,😍❤️😍,
970,Manchester United,United V Brentford,😍😍,
971,Manchester United,United V Brentford,😍😍😍,
972,Manchester United,United V Brentford,😒😒😒,
973,Manchester United,United V Brentford,🙌🙌🙌🙌🙌🔥🔥🔥🔥🔥,
974,Manchester United,United V Brentford,🧐🧐🧐🧐,
