ID_Comentario;Equipo;Partido;Comentario_Limpio;Entidad_Mencionada
1;Chelsea;Chelsea V Hull city;"""Alonso Ball"" ???????????????";Xabi Alonso
2;Chelsea;Chelsea V Hull city;"""The clip on YouTube where John Terry analyzes the match between Chelsea and Hull offers such fantastic advice. I would honestly love to see JT join Xabi Alonso’s coaching staff! If you haven't listened to it yet, you should definitely check it out—it’s truly amazing.""";"Xabi Alonso, John Terry"
3;Chelsea;Chelsea V Hull city;@chelseafc ??;
4;Chelsea;Chelsea V Hull city;@malogusto outttt;
5;Chelsea;Chelsea V Hull city;"“Geraldo, why are you complaining that we didn’t get a midfielder? With one game a week, we’ll be fine! Give the board credit!!!”";
6;Chelsea;Chelsea V Hull city;•;
7;Chelsea;Chelsea V Hull city;2 points dropped for the tigers today;
8;Chelsea;Chelsea V Hull city;443 ??;
9;Chelsea;Chelsea V Hull city;Again estavao is the difference maker Alonso wtf are you onn;Xabi Alonso
10;Chelsea;Chelsea V Hull city;Alonso is gambling with his lineup….. and i dont know the owners think about this…. he has players who can easily win games but he is too stubborn about a formation that isn't working????;Xabi Alonso
11;Chelsea;Chelsea V Hull city;Alonso must playing with 3 midfielders. 3-5-2;Xabi Alonso
12;Chelsea;Chelsea V Hull city;"Alonso vai afundar o Chelsea, Estevão só joga 5 mim para salvar o time e brincadeira ! Kkk";Xabi Alonso
13;Chelsea;Chelsea V Hull city;Alonso you better stop using @malogusto don’t let us start raining curses on you . And get Neto out fast for Estevao are we seeing different game ? .;"Xabi Alonso, Estêvão, Pedro Neto"
14;Chelsea;Chelsea V Hull city;Alonso you need to pay attention to our defense;Xabi Alonso
15;Chelsea;Chelsea V Hull city;Always a championship team stopping us;
16;Chelsea;Chelsea V Hull city;appened to our defense bruh??;
17;Chelsea;Chelsea V Hull city;as been dreadful;
18;Chelsea;Chelsea V Hull city;as led to Chelsea losing possession quite easily. We really need to address the defensive concerns as soon as possible!....Generating??????;
19;Chelsea;Chelsea V Hull city;"As much as the shambolic defence is the real issue... We need a better double pivot in the midfield, who covers and support the defence..which is lacking at the moment. Maybe Moi presence will solve it";
20;Chelsea;Chelsea V Hull city;as to come on earlier man;
21;Chelsea;Chelsea V Hull city;ate with our defence;
22;Chelsea;Chelsea V Hull city;ato;
23;Chelsea;Chelsea V Hull city;ato and gusto even doing in the team ??;Malo Gusto
24;Chelsea;Chelsea V Hull city;"ato, then Colwill. Every single one of them makes errors, and we will never get consistency.";
25;Chelsea;Chelsea V Hull city;Au na nyie mnabeti???;
26;Chelsea;Chelsea V Hull city;Au na nyie mnabeti???;
27;Chelsea;Chelsea V Hull city;Au na nyie mnabeti???;
28;Chelsea;Chelsea V Hull city;ave bagged ??;
29;Chelsea;Chelsea V Hull city;"ave been a victory for us, but we drew due to poor defending. Bravo to the attackers… on to the next game! Blues ??";
30;Chelsea;Chelsea V Hull city;"ave been a victory for us, but we drew due to poor defending. Bravo to the attackers… on to the next game! Blues ??";
31;Chelsea;Chelsea V Hull city;"ave been a victory for us, but we drew due to poor defending. Bravo to the attackers… on to the next game! Blues ??";
32;Chelsea;Chelsea V Hull city;ave said it’s an attack problem but our defense keeps letting us down ??????? ??;
33;Chelsea;Chelsea V Hull city;ave said it’s an attack problem but our defense keeps letting us down ??????? ??;
34;Chelsea;Chelsea V Hull city;ave to fix that ur defence ngl;
35;Chelsea;Chelsea V Hull city;ave to settle for a point.;
36;Chelsea;Chelsea V Hull city;ave trust and be patient;
37;Chelsea;Chelsea V Hull city;Back 3 isn’t working and estevao needs more playing time plsss;Estêvão
38;Chelsea;Chelsea V Hull city;Bad defensive line ??;
39;Chelsea;Chelsea V Hull city;"Bad Formation 3-4-3,next match formation 4-3-3 or 4-4-2 come change formation blues ??????";
40;Chelsea;Chelsea V Hull city;Bangang;
41;Chelsea;Chelsea V Hull city;bangkit;
42;Chelsea;Chelsea V Hull city;"Barco loses the ball in so many important positions, We haven't replaced Enzo Fernandez yet ????";Enzo Fernández
43;Chelsea;Chelsea V Hull city;be honest guys..Martinez is not an upgrade ??;
44;Chelsea;Chelsea V Hull city;"belakang keropos, kebobolan blunder. evaluasi lah beknya";
45;Chelsea;Chelsea V Hull city;Bench;
46;Chelsea;Chelsea V Hull city;Bench @Reece;
47;Chelsea;Chelsea V Hull city;Bench @Reece;
48;Chelsea;Chelsea V Hull city;Brudda bring on Estevao wtf;Estêvão
49;Chelsea;Chelsea V Hull city;bruh;
50;Chelsea;Chelsea V Hull city;Bunch of goofies ??;
51;Chelsea;Chelsea V Hull city;Bunch of school kids at the heart of our defense ????;
52;Chelsea;Chelsea V Hull city;"Buruk buat pemain bertahannya, kurang konsentrasi dan fokus... Terlalu sering grogi ketika dpt serangan...";
53;Chelsea;Chelsea V Hull city;Chai e pain sha ??????;
54;Chelsea;Chelsea V Hull city;"Chelsea defenders, you keep on letting this team down. It’s unacceptable!!!";
55;Chelsea;Chelsea V Hull city;"Chelsea FC we're all crying about defence, do something about it";
56;Chelsea;Chelsea V Hull city;Chelsea need to start playing 4231 formation again this 3 CB nonsense isn't working;
57;Chelsea;Chelsea V Hull city;Chelsea needs Sunderland's Xhaka to play this 3-4-3 formation;
58;Chelsea;Chelsea V Hull city;"Chelsea never changed the defense for 4-5 years already , only bought lacroix , that’s the problem cause the club love that players";
59;Chelsea;Chelsea V Hull city;CHELSEA TEMPEK ??;
60;Chelsea;Chelsea V Hull city;Chelsea ??????;
61;Chelsea;Chelsea V Hull city;chelseafc;
62;Chelsea;Chelsea V Hull city;Clear penalty denied... Agenda continues;
63;Chelsea;Chelsea V Hull city;Colaboración pagada;
64;Chelsea;Chelsea V Hull city;Come on;
65;Chelsea;Chelsea V Hull city;defence defence defence!!!!;
66;Chelsea;Chelsea V Hull city;Defends bauk;
67;Chelsea;Chelsea V Hull city;Defense is joke??;
68;Chelsea;Chelsea V Hull city;Defense will always win you trophies......;
69;Chelsea;Chelsea V Hull city;Defensive problems yet again!;
70;Chelsea;Chelsea V Hull city;Do something about defense is sick????;
71;Chelsea;Chelsea V Hull city;draw without 2 Cs - cucu caicedo ????;
72;Chelsea;Chelsea V Hull city;"dropping points in games that we are supposed to be winning, would have said it’s an attack problem but our defense keeps letting us down ??????? ??";
73;Chelsea;Chelsea V Hull city;e keeps playing Gusto? ??;Malo Gusto
74;Chelsea;Chelsea V Hull city;e was playing with the second team;
75;Chelsea;Chelsea V Hull city;e’s conceding too many goals ?????;
76;Chelsea;Chelsea V Hull city;eadache from this performance but at least we didn’t lose.;
77;Chelsea;Chelsea V Hull city;eadche;
78;Chelsea;Chelsea V Hull city;ell wtf mahn;
79;Chelsea;Chelsea V Hull city;"ere but oh boy i was wrong , Alonso ball yet to convince me !!";Xabi Alonso
80;Chelsea;Chelsea V Hull city;ERE WE GO!;
81;Chelsea;Chelsea V Hull city;ESTEVAO BETTER THAN NETO!!!;"Estêvão, Pedro Neto"
82;Chelsea;Chelsea V Hull city;Estevão can't be a substitute on this team.;
83;Chelsea;Chelsea V Hull city;Estevao deserve more minutes;Estêvão
84;Chelsea;Chelsea V Hull city;Estevao deserve more minutes;Estêvão
85;Chelsea;Chelsea V Hull city;Estevao deserve more minutes;Estêvão
86;Chelsea;Chelsea V Hull city;Estevao deserves more playing time;Estêvão
87;Chelsea;Chelsea V Hull city;Estevao needs more minutes ??????;Estêvão
88;Chelsea;Chelsea V Hull city;Expecting big every season but got blown up every time?????? performance becoming worse and worse.....;
89;Chelsea;Chelsea V Hull city;Fix that defence asap and estevao needs more game time;Estêvão
90;Chelsea;Chelsea V Hull city;Fix the defense;
91;Chelsea;Chelsea V Hull city;Ga mood :(;
92;Chelsea;Chelsea V Hull city;Gameplay gitu gitu ajah doang;
93;Chelsea;Chelsea V Hull city;Give Estevao more time;Estêvão
94;Chelsea;Chelsea V Hull city;Give Estevão more time!!;
95;Chelsea;Chelsea V Hull city;Giving our attackers nightmares;
96;Chelsea;Chelsea V Hull city;"Gusto ,hato and Colwill should never be in the same starting line up abeg ??????????";Malo Gusto
97;Chelsea;Chelsea V Hull city;Gusto defending ??;Malo Gusto
98;Chelsea;Chelsea V Hull city;Gusto January window you will not escape ??????;Malo Gusto
99;Chelsea;Chelsea V Hull city;gusto maen kayak ayam tanpa kepala;Malo Gusto
100;Chelsea;Chelsea V Hull city;Gusto out of this team;Malo Gusto
101;Chelsea;Chelsea V Hull city;"Hato be approaching ball without calculation, very terrible";
102;Chelsea;Chelsea V Hull city;Hato Gusto out;Malo Gusto
103;Chelsea;Chelsea V Hull city;Hato is not a defender chavaria is;
104;Chelsea;Chelsea V Hull city;hato needs to learn physics;
105;Chelsea;Chelsea V Hull city;"Hato Out, Fofana Out, Colwill Out";
106;Chelsea;Chelsea V Hull city;"Hato, gusto??";Malo Gusto
107;Chelsea;Chelsea V Hull city;Hato/gusto Inefficient;Malo Gusto
108;Chelsea;Chelsea V Hull city;How did we not get a pen at the end?;
109;Chelsea;Chelsea V Hull city;How did we not get a pen at the end?;
110;Chelsea;Chelsea V Hull city;How did we not get a pen at the end?;
111;Chelsea;Chelsea V Hull city;Hull City played with 10 Defense??;
112;Chelsea;Chelsea V Hull city;I Deduced 3Things From Our Match Versus Hull City (1)Gusto And Hato Should Be Playing From The Bench (2)The Team Board Need To Call The Attention Of Our Fans To Stop Bullying Valentin Barco Because Of His Backlash With Jude Bellingham At The Just Concluded World Cup. They Need To Allow Him To Play Very Well (3)Xabi Alonso Should Be Making Important Substitution On Time. Pedro Neto Wasn't Releasing Good Crosses. Estêvão Did Well With Little Minutes.;"Xabi Alonso, Malo Gusto, Estêvão, Pedro Neto"
113;Chelsea;Chelsea V Hull city;I don’t ever want to see gusto in any of our lineup ever again;Malo Gusto
114;Chelsea;Chelsea V Hull city;"I don’t understand why xabi keeps benching Estevao for Neto why not starting Estevao first at least let him play for 60mins ,every time he comes in he makes good impact";"Xabi Alonso, Estêvão, Pedro Neto"
115;Chelsea;Chelsea V Hull city;I genuinely can’t understand why Xabi keeps on benching Estevao for Neto ??;"Xabi Alonso, Estêvão, Pedro Neto"
116;Chelsea;Chelsea V Hull city;I genuinely can’t understand why Xabi keeps on benching Estevao for Neto ??;"Xabi Alonso, Estêvão, Pedro Neto"
117;Chelsea;Chelsea V Hull city;I genuinely can’t understand why Xabi keeps on benching Estevao for Neto ??;"Xabi Alonso, Estêvão, Pedro Neto"
118;Chelsea;Chelsea V Hull city;I like as una put Hato for the face of this lose ??????????????;
119;Chelsea;Chelsea V Hull city;I still better pass my neighbour so we move ??;
120;Chelsea;Chelsea V Hull city;I still better pass my neighbour so we move ??;
121;Chelsea;Chelsea V Hull city;I still better pass my neighbour so we move ??;
122;Chelsea;Chelsea V Hull city;I’m done defending Gusto fr??. Send him to spurs;Malo Gusto
123;Chelsea;Chelsea V Hull city;"Idk the buildup feels monotone, and a deadlock at front. Don't ask bout the defend tho ??";
124;Chelsea;Chelsea V Hull city;If this keeps repeating I will become a culer.. and I won't look back ????;
125;Chelsea;Chelsea V Hull city;igh blood pressure ??????;
126;Chelsea;Chelsea V Hull city;igh up as possible;
127;Chelsea;Chelsea V Hull city;ighest level with that porous defence. FIX IT! #utc;
128;Chelsea;Chelsea V Hull city;im 10 min? ????;
129;Chelsea;Chelsea V Hull city;im benched;
130;Chelsea;Chelsea V Hull city;im this much time.;
131;Chelsea;Chelsea V Hull city;im to be more pro active in that aspect please ??;
132;Chelsea;Chelsea V Hull city;Ingoma kodwa bafana ayikho lakunina ??niyaphoxa;
133;Chelsea;Chelsea V Hull city;Ion know I feel like caicedo x barco might be the missing piece to the midfield issue??;
134;Chelsea;Chelsea V Hull city;is arrival in January. It would be better to get the deal done early.;
135;Chelsea;Chelsea V Hull city;is place and bring Estevao on the wing.;Estêvão
136;Chelsea;Chelsea V Hull city;is tactics. We need to play with a pivot midfielder.;
137;Chelsea;Chelsea V Hull city;"its oke no promble ,im proud u chels";
138;Chelsea;Chelsea V Hull city;Jorrel hato....... the person who signed you ?????? even in hull city there would never be place for you to play;
139;Chelsea;Chelsea V Hull city;"Just one defender in January is enough... believe me, @chelseafc will win the EPL. @murillosantiago40 is solid he should be the priority in January.";
140;Chelsea;Chelsea V Hull city;"kmt, unnuh a ramp wid di man dem and a concede some fuckry goal";
141;Chelsea;Chelsea V Hull city;"Lagi² Chelsea gak bisa mempertahankan keunggulan, terlalu mudah kebobolan. PR buat Xabi";Xabi Alonso
142;Chelsea;Chelsea V Hull city;"Left back, both of them, mistakes";
143;Chelsea;Chelsea V Hull city;let barco play first lah broo;
144;Chelsea;Chelsea V Hull city;let barco play first lah broo;
145;Chelsea;Chelsea V Hull city;let barco play first lah broo;
146;Chelsea;Chelsea V Hull city;"Let me give you solution, We can still sign Alaba which would solve all of the problems for now and then in January get a midfielder!";
147;Chelsea;Chelsea V Hull city;"Let’s take it easy Chelsea fans. I know it’s heartbreaking seeing our lovely club loosing points and games this way, but let’s not forget that none of these players go on the pitch with the mindset of losing. They give their all to the club and the badge. So let’s not lose hope in them, Alonso will surely build the team we’re all looking for ????????";Xabi Alonso
148;Chelsea;Chelsea V Hull city;"Lets work on our defence please we can't win games like this ,make James go back to his original position of right back . We go back to aback 4";
149;Chelsea;Chelsea V Hull city;Lini pertahanan duh??;
150;Chelsea;Chelsea V Hull city;Lucky that we didn't loose ??;
151;Chelsea;Chelsea V Hull city;Malo Gusto is as reliable as a ripped condom;Malo Gusto
152;Chelsea;Chelsea V Hull city;Man I miss cucu ??????;
153;Chelsea;Chelsea V Hull city;"Mandem, is it mad if I start looking at Xabi sideways if he keeps playing Gusto? ??";"Xabi Alonso, Malo Gusto"
154;Chelsea;Chelsea V Hull city;"Mandem, is it mad if I start looking at Xabi sideways if he keeps playing Gusto? ??";"Xabi Alonso, Malo Gusto"
155;Chelsea;Chelsea V Hull city;Martinez out;
156;Chelsea;Chelsea V Hull city;Martinez saved us from nois??;
157;Chelsea;Chelsea V Hull city;Mbwa nyiee! Mmeanza kubeti??;
158;Chelsea;Chelsea V Hull city;Men without a good defense let’s focus on making it to the champions league smh ??????? wtf we need a good defense ??;
159;Chelsea;Chelsea V Hull city;Midfield and defense is so ahhhh;
160;Chelsea;Chelsea V Hull city;NDONDO SIO CHURURU WANANGU??;
161;Chelsea;Chelsea V Hull city;"Neto is a champion, to run full wing for 86 minutes is incredible";Pedro Neto
162;Chelsea;Chelsea V Hull city;"Neto is a champion, to run full wing for 86 minutes is incredible";Pedro Neto
163;Chelsea;Chelsea V Hull city;"Neto is a champion, to run full wing for 86 minutes is incredible";Pedro Neto
164;Chelsea;Chelsea V Hull city;Never compare Neto with Gusto…;"Malo Gusto, Pedro Neto"
165;Chelsea;Chelsea V Hull city;No CS no win.;
166;Chelsea;Chelsea V Hull city;No Estêvão = No Victory;Estêvão
167;Chelsea;Chelsea V Hull city;Nonsense football;
168;Chelsea;Chelsea V Hull city;Now really missing enzo & cucu ????;Enzo Fernández
169;Chelsea;Chelsea V Hull city;Omg defending ??????;
170;Chelsea;Chelsea V Hull city;Our back line needs Urgent attention!!!!!;
171;Chelsea;Chelsea V Hull city;Our defence needs work. Awareness is poor and there's no true leader at the back.;
172;Chelsea;Chelsea V Hull city;Our defense is joke??????;
173;Chelsea;Chelsea V Hull city;Our defense is the only thing stopping us this season. And that defense is really working against us.;
174;Chelsea;Chelsea V Hull city;Our defense is the only thing stopping us this season. And that defense is really working against us.;
175;Chelsea;Chelsea V Hull city;Our defense is the only thing stopping us this season. And that defense is really working against us.;
176;Chelsea;Chelsea V Hull city;Our defense is very fragile.;
177;Chelsea;Chelsea V Hull city;Our defense keep letting us down ?????????;
178;Chelsea;Chelsea V Hull city;Out Gusto;Malo Gusto
179;Chelsea;Chelsea V Hull city;Out Pedro neto;Pedro Neto
180;Chelsea;Chelsea V Hull city;Out Xabi alonso;Xabi Alonso
181;Chelsea;Chelsea V Hull city;ow are we supposed to beat Brentford? ???????;
182;Chelsea;Chelsea V Hull city;"Pep and Lacroix need to be starting. Best 2 actual defenders, unsure why they aren’t auto 11 with one game a week";
183;Chelsea;Chelsea V Hull city;Perlu reformasi bek2 nya..;
184;Chelsea;Chelsea V Hull city;Players need meditation class beside training to develop focus. Chelsea player lost their focus;
185;Chelsea;Chelsea V Hull city;"Playing a back 3 in the Prem isn't good, last time that happened Amorim got sacked!";
186;Chelsea;Chelsea V Hull city;Please buy a new defender?????? we need a defender like Ramos??;
187;Chelsea;Chelsea V Hull city;Please improve defences;
188;Chelsea;Chelsea V Hull city;Please is Neto a winger?? Can’t he see what his mates are doing?;Pedro Neto
189;Chelsea;Chelsea V Hull city;Please Xabi why is Gusto still playing in this Chelsea team ????;"Xabi Alonso, Malo Gusto"
190;Chelsea;Chelsea V Hull city;Poor defense again;
191;Chelsea;Chelsea V Hull city;Poor defense oh God go get some new CB man come on;
192;Chelsea;Chelsea V Hull city;Precisa arrumar essa zaga Mr Xabi;Xabi Alonso
193;Chelsea;Chelsea V Hull city;"Remember tho, we can manage with one game a week!";
194;Chelsea;Chelsea V Hull city;ROGERS & PEDRO GOAL IS HERE GUYS! ??????;
195;Chelsea;Chelsea V Hull city;Scott and Kone/Nmecha IN in the winter window... Maybe Wesley Franca who can play in both sides... Gusto can be sold in my opinion;Malo Gusto
196;Chelsea;Chelsea V Hull city;selalu gini kalo kalah sekali;
197;Chelsea;Chelsea V Hull city;Sell giusto ????;
198;Chelsea;Chelsea V Hull city;Shocking;
199;Chelsea;Chelsea V Hull city;shouldve signed diogo costa;
200;Chelsea;Chelsea V Hull city;Shows that we are not challenging the title;
201;Chelsea;Chelsea V Hull city;Sign good player in midfield ??;
202;Chelsea;Chelsea V Hull city;Small club ????????;
203;Chelsea;Chelsea V Hull city;Small club ????????;
204;Chelsea;Chelsea V Hull city;Small club ????????;
205;Chelsea;Chelsea V Hull city;"So far as we didn't lose, I'm okay??";
206;Chelsea;Chelsea V Hull city;"So for whole season, we will concede first atleast 2 goals then will play for the Draw.";
207;Chelsea;Chelsea V Hull city;"So for whole season, we will concede first atleast 2 goals then will play for the Draw.";
208;Chelsea;Chelsea V Hull city;"So for whole season, we will concede first atleast 2 goals then will play for the Draw.";
209;Chelsea;Chelsea V Hull city;Son.;
210;Chelsea;Chelsea V Hull city;Stamford Bridge;
211;Chelsea;Chelsea V Hull city;"Stop playing Gusto, hato and lavia.try pep,Josh and barco";Malo Gusto
212;Chelsea;Chelsea V Hull city;Tambayi mushe varume imimi????;
213;Chelsea;Chelsea V Hull city;"That cucu, Enzo , Caicedo gap is no joke man ??";Enzo Fernández
214;Chelsea;Chelsea V Hull city;That defense cannot expect the attack to score 3 goals every game seriously!;
215;Chelsea;Chelsea V Hull city;That's because Alonso doesnt know what is doing at all;Xabi Alonso
216;Chelsea;Chelsea V Hull city;The defense needs to fix up man;
217;Chelsea;Chelsea V Hull city;"There was a lack of aggression and speed which made us miss so many chances..the mentality was out of this world..the gusto chance,Rogers 2 chances,many...we need to fix it too.sleepy defence";Malo Gusto
218;Chelsea;Chelsea V Hull city;There’s no reason malo gusto should be starting any other prem games this season;Malo Gusto
219;Chelsea;Chelsea V Hull city;This defense is embarrassing really;
220;Chelsea;Chelsea V Hull city;This formation is a defensive nightmare;
221;Chelsea;Chelsea V Hull city;This is annoying ????;
222;Chelsea;Chelsea V Hull city;This is not just a defensive problem but also tactical problem;
223;Chelsea;Chelsea V Hull city;"This one is on xabi, stop experimenting";Xabi Alonso
224;Chelsea;Chelsea V Hull city;Title Contenders they Said??????;
225;Chelsea;Chelsea V Hull city;Title Contenders they Said??????;
226;Chelsea;Chelsea V Hull city;Title Contenders they Said??????;
227;Chelsea;Chelsea V Hull city;"ull, they’ve got a really good defense, what a game ??";
228;Chelsea;Chelsea V Hull city;uyu kwanini anamuweka sub estevao;Estêvão
229;Chelsea;Chelsea V Hull city;"We all know which area needs strengthening, right?";
230;Chelsea;Chelsea V Hull city;We are not winning the league;
231;Chelsea;Chelsea V Hull city;We can’t anticipate plays.;
232;Chelsea;Chelsea V Hull city;we just gonna concede 2+ goals every game?;
233;Chelsea;Chelsea V Hull city;We know that Neto was having good performances on recent matches but we need to give some game times for Estevao as well. He might be our game changer ??;"Estêvão, Pedro Neto"
234;Chelsea;Chelsea V Hull city;We lack defenders ??????????;
235;Chelsea;Chelsea V Hull city;We lose one-on-one battles.;
236;Chelsea;Chelsea V Hull city;We Shall Bounce Back Soon By God's Grace ??. Chelsea For Life ??????;
237;Chelsea;Chelsea V Hull city;What an awful performance we're getting no where this season if we keep hoping for JPM to keep pulling us out of a mess Now Xabi needs to fix that defense mess;Xabi Alonso
238;Chelsea;Chelsea V Hull city;WHAT IS THIS DEFENCE AYY U MAN DESERVE TO GET….;
239;Chelsea;Chelsea V Hull city;What the hell???;
240;Chelsea;Chelsea V Hull city;What's wrong with Chelsea's defense? It's been very fragile for a long time. It needs to be fixed immediately if we want to compete in England and the world.;
241;Chelsea;Chelsea V Hull city;when i see malo gusto on lineup i knew we will not win;Malo Gusto
242;Chelsea;Chelsea V Hull city;"When we clear the ball, it only goes as far as one-third of our own defensive third.";
243;Chelsea;Chelsea V Hull city;When you have Estevao and decided to go with Neto instead...;"Estêvão, Pedro Neto"
244;Chelsea;Chelsea V Hull city;Why does Gusto keep on starting games for us? ??;Malo Gusto
245;Chelsea;Chelsea V Hull city;Why was Estevao so late?;Estêvão
246;Chelsea;Chelsea V Hull city;"With no caicedo and Enzo who left on deadline day, bro Xabi really needs to think about playing with back 4. This is epl not Germany. Go chels ??";"Xabi Alonso, Enzo Fernández"
247;Chelsea;Chelsea V Hull city;Worst chelsea side of ever i don't understand how estevao doesn't get in the starting 11 in this team;Estêvão
248;Chelsea;Chelsea V Hull city;"Xabi our defense needs attention, we know at Leverkusen you could win from behind but epl is a different breed and you know it that defense needs attention";Xabi Alonso
249;Chelsea;Chelsea V Hull city;Xabi out!;Xabi Alonso
250;Chelsea;Chelsea V Hull city;yaelah chels;
251;Chelsea;Chelsea V Hull city;yang nama belakang ada to ni memang bodo ke;
252;Chelsea;Chelsea V Hull city;????????????? | ?????????????? | ??????????????? ????????????????????;
253;Chelsea;Chelsea V Hull city;??????;
254;Chelsea;Chelsea V Hull city;??????;
255;Chelsea;Chelsea V Hull city;????????;
256;Chelsea;Chelsea V Hull city;????;
257;Chelsea;Chelsea V Hull city;????;
258;Chelsea;Chelsea V Hull city;???????? You're winning the league;
259;Chelsea;Chelsea V Hull city;??????????????;
260;Chelsea;Chelsea V Hull city;????????????????????????????????????????????????????????????????????????????????;
261;Chelsea;Chelsea V Hull city;????????????????????????????????????????????????????????????????????????????????GGMU Manchester United will always be bigger than Chelsea;
262;Chelsea;Chelsea V Hull city;????;
263;Chelsea;Chelsea V Hull city;?? Martínez should be the team's third-choice goalkeeper;
264;Chelsea;Chelsea V Hull city;???? conventry will eat us alive;
265;Chelsea;Chelsea V Hull city;????;
266;Chelsea;Chelsea V Hull city;???????? this 3 back line is not working in EPL;
267;Chelsea;Chelsea V Hull city;??;
268;Chelsea;Chelsea V Hull city;????????????????;
269;Chelsea;Chelsea V Hull city;???????????;
270;Chelsea;Chelsea V Brentford;Another gk;
271;Chelsea;Chelsea V Brentford;Are we still celebrating selling Enzo?;Enzo Fernández
272;Chelsea;Chelsea V Brentford;"Back the coach, this will pass";
273;Chelsea;Chelsea V Brentford;Bunch of scrubs;
274;Chelsea;Chelsea V Brentford;Chelsea champion ??;
275;Chelsea;Chelsea V Brentford;Chelsea is a kak sometimes;
276;Chelsea;Chelsea V Brentford;"Chelsea, are u serious??";
277;Chelsea;Chelsea V Brentford;Congrats;
278;Chelsea;Chelsea V Brentford;Even Barca is better than us at this point;
279;Chelsea;Chelsea V Brentford;Even Chelsea fans know that Martínez wasn't responsible for the goals;
280;Chelsea;Chelsea V Brentford;Full-time.;
281;Chelsea;Chelsea V Brentford;Happy international break 3_0??????????????;
282;Chelsea;Chelsea V Brentford;Hmm;
283;Chelsea;Chelsea V Brentford;I m speechless ????;
284;Chelsea;Chelsea V Brentford;I still believe in Xabi ????;Xabi Alonso
285;Chelsea;Chelsea V Brentford;IN XABI WE TRUST! We Trust all in Xabi ??;Xabi Alonso
286;Chelsea;Chelsea V Brentford;is okayyy??;
287;Chelsea;Chelsea V Brentford;It’s going to be a long 3 week break;
288;Chelsea;Chelsea V Brentford;It’s going to be a long season…;
289;Chelsea;Chelsea V Brentford;Jackson or welbeck????????????;
290;Chelsea;Chelsea V Brentford;Jej e;
291;Chelsea;Chelsea V Brentford;Justice for ESTEVAO??;Estêvão
292;Chelsea;Chelsea V Brentford;l see why Estevão wants to leave;
293;Chelsea;Chelsea V Brentford;Lah;
294;Chelsea;Chelsea V Brentford;Lah?:');
295;Chelsea;Chelsea V Brentford;LOL;
296;Chelsea;Chelsea V Brentford;More of the same with this team ?? Wallahi I can’t take this anymore;
297;Chelsea;Chelsea V Brentford;Mulai;
298;Chelsea;Chelsea V Brentford;My heart is Blue ????????;
299;Chelsea;Chelsea V Brentford;Next game start Estevao or else he will leave;Estêvão
300;Chelsea;Chelsea V Brentford;Nowhere to go now. Only hell;
301;Chelsea;Chelsea V Brentford;On special men;
302;Chelsea;Chelsea V Brentford;Out Alonso;Xabi Alonso
303;Chelsea;Chelsea V Brentford;Pongan un arquero;
304;Chelsea;Chelsea V Brentford;Porq el colo ? ??;
305;Chelsea;Chelsea V Brentford;Rifuh broww wkwk;
306;Chelsea;Chelsea V Brentford;Scrap the entire team.;
307;Chelsea;Chelsea V Brentford;Set piece coach from Temu;
308;Chelsea;Chelsea V Brentford;Shame ??;
309;Chelsea;Chelsea V Brentford;So many things to say but WTF;
310;Chelsea;Chelsea V Brentford;Speechless ??;
311;Chelsea;Chelsea V Brentford;The fact that no tosin or Sanchez to blame ??;
312;Chelsea;Chelsea V Brentford;The only strong thing with our team is Our Jersey ??;
313;Chelsea;Chelsea V Brentford;The toughest part about this loss is that I can't even blame Gusto tonight.;Malo Gusto
314;Chelsea;Chelsea V Brentford;U N B E L I E V A B L E !;
315;Chelsea;Chelsea V Brentford;UNACCEPTABLE ! ??;
316;Chelsea;Chelsea V Brentford;Unfollow ????;
317;Chelsea;Chelsea V Brentford;we can't even question Sanchez ??;
318;Chelsea;Chelsea V Brentford;We still can't win the title this year ??;
319;Chelsea;Chelsea V Brentford;We try again;
320;Chelsea;Chelsea V Brentford;WKWKWKWKWKWKWKWKWKWK;
321;Chelsea;Chelsea V Brentford;wtf is going on;
322;Chelsea;Chelsea V Brentford;Xabi alonso out;Xabi Alonso
323;Chelsea;Chelsea V Brentford;XABI you have 5 games before the entire fan base turns! ??;Xabi Alonso
324;Chelsea;Chelsea V Brentford;Y si probas con otro esquema ? Así no hay portero que aguante ??;
325;Chelsea;Chelsea V Brentford;Yan mnazngua sana kmmke??;
326;Chelsea;Chelsea V Brentford;"Yeee, ????";
327;Chelsea;Chelsea V Brentford;??????;
328;Chelsea;Chelsea V Brentford;??;
329;Chelsea;Chelsea V Brentford;??????;
330;Chelsea;Chelsea V Brentford;????????;
331;Chelsea;Chelsea V Brentford;????;
332;Chelsea;Chelsea V Brentford;??????;
333;Chelsea;Chelsea V Brentford;??????;
334;Chelsea;Chelsea V Brentford;??;
335;Chelsea;Chelsea V Brentford;??????;
336;Chelsea;Chelsea V Brentford;??????;
337;Chelsea;Chelsea V Brentford;????????;
338;Chelsea;Chelsea V Brentford;????????;
339;Chelsea;Chelsea V Brentford;????????;
340;Chelsea;Chelsea V Brentford;??????????;
341;Chelsea;Chelsea V Brentford;??????????;
342;Chelsea;Chelsea V Brentford;??????????????????????????????????????????????????????????????????????????????????;
343;Chelsea;Chelsea V Brentford;??????????shameeee;
344;Chelsea;Chelsea V Brentford;??;
345;Chelsea;Chelsea V Brentford;????????;
346;Chelsea;Chelsea V Brentford;??;
347;Chelsea;Chelsea V Brentford;??;
348;Chelsea;Chelsea V Brentford;??;
349;Chelsea;Chelsea V Brentford;??;
350;Chelsea;Chelsea V Brentford;????;
351;Chelsea;Chelsea V Brentford;????;
352;Chelsea;Chelsea V Brentford;????;
353;Chelsea;Chelsea V Brentford;??????;
354;Chelsea;Chelsea V Brentford;??;
355;Chelsea;Chelsea V Brentford;??;
356;Chelsea;Chelsea V Brentford;????;
357;Chelsea;Chelsea V Brentford;????;
358;Arsenal;Arsenal V Brighton;??????;
359;Arsenal;Arsenal V Brighton;????????;
360;Arsenal;Arsenal V Brighton;????;
361;Arsenal;Arsenal V Brighton;"1st lose of the season,";
362;Arsenal;Arsenal V Brighton;3 with no reply is crazy! But yeah we move ????;
363;Arsenal;Arsenal V Brighton;7. Out;
364;Arsenal;Arsenal V Brighton;Alhamdulillah we lose together we win together ????;
365;Arsenal;Arsenal V Brighton;aneh banget ini tim;
366;Arsenal;Arsenal V Brighton;Are you good over there? ????;
367;Arsenal;Arsenal V Brighton;Arsenal leo wamecheza kama vile wamekutana jana.;
368;Arsenal;Arsenal V Brighton;arteta took for granted that game. It was a game of full flow. Martenell would be an answer to counter attack.;
369;Arsenal;Arsenal V Brighton;ay we will win the leauge ??;
370;Arsenal;Arsenal V Brighton;ays ahead COYG??????????;
371;Arsenal;Arsenal V Brighton;Brighton are the best pressing team in Epl and we played into their hands trying to play out from the back.;
372;Arsenal;Arsenal V Brighton;"But am not even mad, just a wake up call to the team.??";
373;Arsenal;Arsenal V Brighton;Buy calvin bassey or brian brobbey arsenal trust;
374;Arsenal;Arsenal V Brighton;come back fighting next game;
375;Arsenal;Arsenal V Brighton;Comeback next game??;
376;Arsenal;Arsenal V Brighton;Congrats;
377;Arsenal;Arsenal V Brighton;COYG;
378;Arsenal;Arsenal V Brighton;COYG...;
379;Arsenal;Arsenal V Brighton;COYG??;
380;Arsenal;Arsenal V Brighton;Did you people steal something from Brighton ?;
381;Arsenal;Arsenal V Brighton;Don't worry it's not the end of us ????;
382;Arsenal;Arsenal V Brighton;Duh??;
383;Arsenal;Arsenal V Brighton;E reach everybody! Sharp ??;
384;Arsenal;Arsenal V Brighton;Easy;
385;Arsenal;Arsenal V Brighton;efense in the league my harsss;
386;Arsenal;Arsenal V Brighton;eserve it they’ve played brilliant while we we haven’t ??????????;
387;Arsenal;Arsenal V Brighton;"Everyone had a bad game …Dowman should be starting ahead of Saka ,";
388;Arsenal;Arsenal V Brighton;FAAAH ????;
389;Arsenal;Arsenal V Brighton;fokus ucl loer;
390;Arsenal;Arsenal V Brighton;"Forget about that, focus to the next match ??";
391;Arsenal;Arsenal V Brighton;"good win for Brighton, we looked completely out of our league ?????";
392;Arsenal;Arsenal V Brighton;Got used to winning that i forgot how losing feels like. ??;
393;Arsenal;Arsenal V Brighton;Gunner move on;
394;Arsenal;Arsenal V Brighton;Haaland ?????;
395;Arsenal;Arsenal V Brighton;Head up;
396;Arsenal;Arsenal V Brighton;Hello Gooners!;
397;Arsenal;Arsenal V Brighton;I am just sitting here knowing that the next three weeks are going to be pure pain now until we face Leeds ??;
398;Arsenal;Arsenal V Brighton;I can't believe Saka has blinded all of you. ??;
399;Arsenal;Arsenal V Brighton;"I can't even go out tonight, the shame.";
400;Arsenal;Arsenal V Brighton;id and he's selfish..;
401;Arsenal;Arsenal V Brighton;idn’t make sense to leave MLS on the bench.;
402;Arsenal;Arsenal V Brighton;"idn’t play well today, one to learn from ?????";
403;Arsenal;Arsenal V Brighton;"If we are being honest, Saka cost us this game.";
404;Arsenal;Arsenal V Brighton;ifferent.;
405;Arsenal;Arsenal V Brighton;It’s alright im not worried.;
406;Arsenal;Arsenal V Brighton;"it’s going to be okay, boys. let’s fix it.";
407;Arsenal;Arsenal V Brighton;It’s ok lads next time ??;
408;Arsenal;Arsenal V Brighton;"its okay guys, WE try again next time????";
409;Arsenal;Arsenal V Brighton;Já tô fazendo protesto aqui em Belo Horizonte;
410;Arsenal;Arsenal V Brighton;Just bench Saka;
411;Arsenal;Arsenal V Brighton;"Konsa abit complacent today ,";
412;Arsenal;Arsenal V Brighton;Let’s get going ????;
413;Arsenal;Arsenal V Brighton;Maybe you need to lose to realise every match is worth fighting for and that title again. So smash it after the break x;
414;Arsenal;Arsenal V Brighton;Mnacheza poa sana ????????;
415;Arsenal;Arsenal V Brighton;mnatutia hasira 2??????;
416;Arsenal;Arsenal V Brighton;More of this please;
417;Arsenal;Arsenal V Brighton;Msianze tu mambo yenu Mapema.;
418;Arsenal;Arsenal V Brighton;Nah man start Gyokeres next game Havertz missing chances like that is crazy;
419;Arsenal;Arsenal V Brighton;nehlelwe yintoni sana??????;
420;Arsenal;Arsenal V Brighton;Never give up ??;
421;Arsenal;Arsenal V Brighton;News We love to hear ??;
422;Arsenal;Arsenal V Brighton;Nice tryy;
423;Arsenal;Arsenal V Brighton;No Spirit today . Next time guys ??;
424;Arsenal;Arsenal V Brighton;Nothing new ??COYG - just the mockery but UCL final was the highest mockery ??;
425;Arsenal;Arsenal V Brighton;o against them. Go long and win second balls then hope on set-piece to nick it.;
426;Arsenal;Arsenal V Brighton;o back passes much?? It's sickening man.. ?? ??..;
427;Arsenal;Arsenal V Brighton;o have to talk about Saka. Unfortunately he’s be absolutely terrible the last 1-2 years ??;
428;Arsenal;Arsenal V Brighton;"o so because he is playing like he is forced,,";
429;Arsenal;Arsenal V Brighton;Obrigado pelos 3 pontos;
430;Arsenal;Arsenal V Brighton;oes Havertz have to play 90?;
431;Arsenal;Arsenal V Brighton;oesn’t revolve round him????;
432;Arsenal;Arsenal V Brighton;Omo today choke o ????;
433;Arsenal;Arsenal V Brighton;on my birthday ? smh.;
434;Arsenal;Arsenal V Brighton;one.;
435;Arsenal;Arsenal V Brighton;on't even know where I'll hide my face oooo??????;
436;Arsenal;Arsenal V Brighton;on't wanna see this post naaah??;
437;Arsenal;Arsenal V Brighton;"Onto the next one, we move.";
438;Arsenal;Arsenal V Brighton;Our enemies finally got a successful hate watch ??;
439;Arsenal;Arsenal V Brighton;owman chance if Saka fails to improve.;
440;Arsenal;Arsenal V Brighton;owman to start!;
441;Arsenal;Arsenal V Brighton;"Personally, I think Arteta allowed what Brighton manager said last season to affect him and he wanted us to outplay Brighton and prove a point and it backfired.";
442;Arsenal;Arsenal V Brighton;Please find Saka’s girlfriend and interrogate her.;
443;Arsenal;Arsenal V Brighton;Raya touched the ball more than Saka and Havertz today;
444;Arsenal;Arsenal V Brighton;Read that bio and get back up on your feet.;
445;Arsenal;Arsenal V Brighton;Reality check;
446;Arsenal;Arsenal V Brighton;Reality check! We go again ?? COYG;
447;Arsenal;Arsenal V Brighton;Saka can't keep getting away with those performances;
448;Arsenal;Arsenal V Brighton;Saka is getting too comfortable tbf;
449;Arsenal;Arsenal V Brighton;Saka never pass gredy for goal;
450;Arsenal;Arsenal V Brighton;Saka should be on the bench from now on!!!! Idc;
451;Arsenal;Arsenal V Brighton;Saka where are you ?;
452;Arsenal;Arsenal V Brighton;Saliba please come back;William Saliba
453;Arsenal;Arsenal V Brighton;SALIBA PLEASE WE NEED YOU;William Saliba
454;Arsenal;Arsenal V Brighton;Saliba??????;William Saliba
455;Arsenal;Arsenal V Brighton;Sell Ben White and Kepa????????;
456;Arsenal;Arsenal V Brighton;shambolic performance;
457;Arsenal;Arsenal V Brighton;"Skelly is integral in this midfield,";
458;Arsenal;Arsenal V Brighton;So sad;
459;Arsenal;Arsenal V Brighton;Something has been going on with that boy ????;
460;Arsenal;Arsenal V Brighton;The boys were got tripped up by the international break that was coming up;
461;Arsenal;Arsenal V Brighton;The boys were got tripped up by the international break that was coming up;
462;Arsenal;Arsenal V Brighton;the hate is coming ???????? i won’t stop hearing it till we win again;
463;Arsenal;Arsenal V Brighton;"The performance was not good today,,but i know you'll comeback stronger";
464;Arsenal;Arsenal V Brighton;There is nothing that can give peace of mind than having a strong attacker ??;
465;Arsenal;Arsenal V Brighton;this is when you get behind the boys. it’s easy to be a fan when we’re winning. back them.;
466;Arsenal;Arsenal V Brighton;"To tell you the truth, the opposing team played better than us.";
467;Arsenal;Arsenal V Brighton;Too much too learn …;
468;Arsenal;Arsenal V Brighton;Trossard??;
469;Arsenal;Arsenal V Brighton;Wabaya wetu tumewaona tena mara mwisho ilikua na PSG Karibu wazee ??;
470;Arsenal;Arsenal V Brighton;Watesi wetu wapo kazn;
471;Arsenal;Arsenal V Brighton;We appreciate u guys ????;
472;Arsenal;Arsenal V Brighton;We can’t win every game but for example mulikua munadoo mawhat leo?!!!??;
473;Arsenal;Arsenal V Brighton;We collect wetin noh good from Brighton eh??. Everywhere just blurrrrr;
474;Arsenal;Arsenal V Brighton;We comeback stronger after the international break;
475;Arsenal;Arsenal V Brighton;We go again;
476;Arsenal;Arsenal V Brighton;We go again after the international break.;
477;Arsenal;Arsenal V Brighton;We go again!??;
478;Arsenal;Arsenal V Brighton;we move;
479;Arsenal;Arsenal V Brighton;"We play 10 v 12, saka is spy on games";
480;Arsenal;Arsenal V Brighton;We showed zero ambition zero intensity zero fight bar Rice. Fair play Brighton you completely packed us ??;Declan Rice
481;Arsenal;Arsenal V Brighton;"We were lucky actually, should have been 5-0 tf was that";
482;Arsenal;Arsenal V Brighton;We will be fine??;
483;Arsenal;Arsenal V Brighton;We will bounce back!;
484;Arsenal;Arsenal V Brighton;We will get them next time!!;
485;Arsenal;Arsenal V Brighton;We won as a team and we loose as a team COYG??????;
486;Arsenal;Arsenal V Brighton;We’ll bounce back.??;
487;Arsenal;Arsenal V Brighton;We'll bounce back stronger ????;
488;Arsenal;Arsenal V Brighton;We're the champions...we go again ????;
489;Arsenal;Arsenal V Brighton;Wetin happen;
490;Arsenal;Arsenal V Brighton;What will we tell people ??????????????;
491;Arsenal;Arsenal V Brighton;Whatever the weather??....;
492;Arsenal;Arsenal V Brighton;What's really Eze and saka trying to prove? ??????;
493;Arsenal;Arsenal V Brighton;Without Saka;
494;Arsenal;Arsenal V Brighton;Wkwk;
495;Arsenal;Arsenal V Brighton;Xdd;
496;Arsenal;Arsenal V Brighton;You can lose a game of football but it’s how you lose it that matters. This loss is unacceptable and Arteta needs to take full responsibility for this.;
497;Arsenal;Arsenal V Brighton;You can’t win everyday. So we move ??;
498;Arsenal;Arsenal V Brighton;??????? ???? ???? ??;
499;Arsenal;Arsenal V Brighton;????????????????????? 19/9/69;
500;Arsenal;Arsenal V Brighton;???????? ?????????????????;
501;Arsenal;Arsenal V Brighton;????;
502;Arsenal;Arsenal V Brighton;??;
503;Arsenal;Arsenal V Brighton;??????;
504;Arsenal;Arsenal V Brighton;??????;
505;Arsenal;Arsenal V Brighton;????We'll manage it next time.;
506;Arsenal;Arsenal V Brighton;??;
507;Arsenal;Arsenal V Brighton;????;
508;Arsenal;Arsenal V Brighton;??????;
509;Arsenal;Arsenal V Brighton;????????;
510;Arsenal;Arsenal V Brighton;????????;
511;Arsenal;Arsenal V Brighton;????????????;
512;Arsenal;Arsenal V Brighton;??????????????;
513;Arsenal;Arsenal V Brighton;????????????????;
514;Arsenal;Arsenal V Brighton;??????????????????????????????????;
515;Arsenal;Arsenal V Brighton;??????????????????????????????????????????;
516;Arsenal;Arsenal V Brighton;????;
517;Arsenal;Arsenal V Brighton;??;
518;Arsenal;Arsenal V Brighton;??;
519;Arsenal;Arsenal V Brighton;??had almost forgotten this feeling;
520;Arsenal;Arsenal V Brighton;????;
521;Arsenal;Arsenal V Brighton;??????;
522;Arsenal;Arsenal V Brighton;????????shem on yo????;
523;Arsenal;Arsenal V Brighton;??;
524;Arsenal;Arsenal V Brighton;??????;
525;Arsenal;Arsenal V Brighton;????????????;
526;Arsenal;Arsenal V Brighton;????????????;
527;Arsenal;Arsenal V Brighton;????;
528;Arsenal;Arsenal V Brighton;????;
529;Arsenal;Arsenal V Ipswich;«Please sell Declan Rice and William Saliba to Real Madrid»;"Declan Rice, William Saliba"
530;Arsenal;Arsenal V Ipswich;??;
531;Arsenal;Arsenal V Ipswich;??;
532;Arsenal;Arsenal V Ipswich;????;
533;Arsenal;Arsenal V Ipswich;????;
534;Arsenal;Arsenal V Ipswich;??????;
535;Arsenal;Arsenal V Ipswich;????????????;
536;Arsenal;Arsenal V Ipswich;??????;
537;Arsenal;Arsenal V Ipswich;???????? ?? come gunner;
538;Arsenal;Arsenal V Ipswich;2 goals...a dagger to the chest! ????;
539;Arsenal;Arsenal V Ipswich;4 goals and gyokeres got 1 shot… please sell this guy. TOMORROW;
540;Arsenal;Arsenal V Ipswich;4-4-2 guys!!!??;
541;Arsenal;Arsenal V Ipswich;"Any attempt they make at Kepa, just count it as a goal already ??";
542;Arsenal;Arsenal V Ipswich;Arsenal ??????????;
543;Arsenal;Arsenal V Ipswich;Arsenal is ??????;
544;Arsenal;Arsenal V Ipswich;"Arterta has raised the standards for Arsenal, Truly. Imagine winning 4-2 but fans are upset because we conceded 2 goals. Wow!! Imaginary.";
545;Arsenal;Arsenal V Ipswich;"Arteta treat your players equally, avoid been biased, Gyokeres deserve more as a player that gave so much tobe with us. I have been in this club for over 25 years and we love been family. Martelini exit was not a Gunners way.";
546;Arsenal;Arsenal V Ipswich;Booking our Round Four spot in style ???;
547;Arsenal;Arsenal V Ipswich;Bro kepa has to be allergic to clean sheets ????????;
548;Arsenal;Arsenal V Ipswich;Can Kepa rest ???? ??;
549;Arsenal;Arsenal V Ipswich;Can someone tighten the laces of Gyokeres timberland boots ??;
550;Arsenal;Arsenal V Ipswich;Chaiiii;
551;Arsenal;Arsenal V Ipswich;Clean sheets majamaaa bana;
552;Arsenal;Arsenal V Ipswich;Come get another 10M for gab Jesus. ????. Thank you.;
553;Arsenal;Arsenal V Ipswich;COYG??????;
554;Arsenal;Arsenal V Ipswich;Damn!! My striker ???????;
555;Arsenal;Arsenal V Ipswich;De cip;
556;Arsenal;Arsenal V Ipswich;Did Gyokeres forget how to play football?? ???????Also Kepa needs to be investigated Istg ???????;
557;Arsenal;Arsenal V Ipswich;Dowman is a baller man ????;
558;Arsenal;Arsenal V Ipswich;Dowman is a wonderful kid.. he is so interesting to watch;
559;Arsenal;Arsenal V Ipswich;Dowman is our very own Messi ?? ????;
560;Arsenal;Arsenal V Ipswich;Dowman is the new Messi ??;
561;Arsenal;Arsenal V Ipswich;Downman is Arsenal's best asset.;
562;Arsenal;Arsenal V Ipswich;Eze and Viktor need to be sold rapidly don’t waste time with them both let’s be real;
563;Arsenal;Arsenal V Ipswich;Eze and Viktor really need to step up;
564;Arsenal;Arsenal V Ipswich;Eze is frustrating. Slows our tempo and often loses the ball.;
565;Arsenal;Arsenal V Ipswich;"Eze, Kepa, Gyokeres. I hope that you HEAL AND FULLY RECOVER from WHATEVER IT IS that is holding you back from harnessing your POTENTIALS. You've got this?????? COYG????";
566;Arsenal;Arsenal V Ipswich;Feel sad for GK ??;
567;Arsenal;Arsenal V Ipswich;Good game ???????? but how did they get to 2 goals???;
568;Arsenal;Arsenal V Ipswich;Gunners boys??????;
569;Arsenal;Arsenal V Ipswich;Gwaan????????;
570;Arsenal;Arsenal V Ipswich;"Gyokeres and Kepa, God is watching you guys!";
571;Arsenal;Arsenal V Ipswich;Gyokeres focuses so much on his man that he forgets to contest for the ball??;
572;Arsenal;Arsenal V Ipswich;"Gyokeres has lost all his confidence, I’m not sure he has 30% confidence in him anymore. it’s saddens me seeing him play that way…. All the best for him by the way";
573;Arsenal;Arsenal V Ipswich;Gyokeres hmmmm ??;
574;Arsenal;Arsenal V Ipswich;Gyokeres to Al Hilal…..Here We Go ????????;
575;Arsenal;Arsenal V Ipswich;Gyokeres will have his time. Don’t give up on him.;
576;Arsenal;Arsenal V Ipswich;Gyokeres??????Eze can't play wing??;
577;Arsenal;Arsenal V Ipswich;"Gyokores mental has to be checked, man needs help honestly. Confidence level dropped gosh ??";
578;Arsenal;Arsenal V Ipswich;Hata Tanzania ???? Tumefrahi??????????;
579;Arsenal;Arsenal V Ipswich;He Dey spoil arsenal catalogue with this conceding ??;
580;Arsenal;Arsenal V Ipswich;I dint watch the match. Did Gyokeres perform well during that match?;
581;Arsenal;Arsenal V Ipswich;"I feel so sad for Vik ,hope he finds himself??";
582;Arsenal;Arsenal V Ipswich;I feel so sorry for Victor and Eze. Their morale is so low. ??;
583;Arsenal;Arsenal V Ipswich;I feel sorry for Gyokeres and Eze. Their morale is so low...Then we really need to sell Kepa. That guy can't keep a clean sheet to save himself. The young gunners were excellent to watch;
584;Arsenal;Arsenal V Ipswich;I just dunno how we should help Gyokeres ??;
585;Arsenal;Arsenal V Ipswich;I still dont understand whats going on with Eze ....This is not the Eze we know..;
586;Arsenal;Arsenal V Ipswich;I told you Dowman is The Guy this is just the beginning;
587;Arsenal;Arsenal V Ipswich;I wish Gyokeres played for city then you’ll see how good he is;
588;Arsenal;Arsenal V Ipswich;"I’m Swedish and have watched Viktor for years. It’s not by choice he is just standing in the box waiting for a ball to come that never comes. He was a totally different player before where he dropped down, passed, dribbled past players, had at least 30 touches and 4 shots per game. He looks sad because this is not the way he wants to play. it has been ordered. There is 0 confidence because there is no confidence that has been given. I Feel bad for him because he’s truly one of the better strikers I have seen in a while, before you judge please take a look at all is games in Sweden and sporting and do full analysis. Most people here are just arsenal fans and I can totally see people are like what is he doing but trust me something more is going on";
589;Arsenal;Arsenal V Ipswich;"If kepa keeps domestic cup games, we aren’t going anywhere in them";
590;Arsenal;Arsenal V Ipswich;Is gyokores is a good signing for arsenal;
591;Arsenal;Arsenal V Ipswich;It feels strange as an Arsenal fan conceding 2 goals???? abi na only me??;
592;Arsenal;Arsenal V Ipswich;It's time to win this cup this season ??;
593;Arsenal;Arsenal V Ipswich;"Keep going, Viktor. We believe in you. ????";
594;Arsenal;Arsenal V Ipswich;Kepa and clean sheet ??………………………………??;
595;Arsenal;Arsenal V Ipswich;Kepa and Cleansheets have a beef. But well done lads??;
596;Arsenal;Arsenal V Ipswich;Kepa can never keep clean sheet ??;
597;Arsenal;Arsenal V Ipswich;Kepa forbids clean sheets man ????;
598;Arsenal;Arsenal V Ipswich;Kepa giving me high blood pressure;
599;Arsenal;Arsenal V Ipswich;Kepa go surely concede goals sha ni????;
600;Arsenal;Arsenal V Ipswich;Kepa if you’re seeing this your hands are worse than a basketball net ?? you can’t make a simple save to save your life ???????;
601;Arsenal;Arsenal V Ipswich;Kepa is not a keeper;
602;Arsenal;Arsenal V Ipswich;Kepa means no clean sheet in Greek;
603;Arsenal;Arsenal V Ipswich;KEPA Mehn ????????????????????????????- if we make it to the final - I hope Arteta doesn’t use him like he did last season;
604;Arsenal;Arsenal V Ipswich;"Kepa must concede goals ????, meslier should start next game o";
605;Arsenal;Arsenal V Ipswich;Kepa should pack his bags ????;
606;Arsenal;Arsenal V Ipswich;Kepa should take several seats please..;
607;Arsenal;Arsenal V Ipswich;Kepa shouldn’t be anywhere near the premier league;
608;Arsenal;Arsenal V Ipswich;Keppa is our problem arsenal we need to wake early;
609;Arsenal;Arsenal V Ipswich;"Let’s keep this positive momentum going. A win is a win, now onto the next one! ????";
610;Arsenal;Arsenal V Ipswich;Love arsenal;
611;Arsenal;Arsenal V Ipswich;Marli Simon and Max Dowman ?????;
612;Arsenal;Arsenal V Ipswich;Max dowman is a gem????;
613;Arsenal;Arsenal V Ipswich;"Max Dowman, what a player!";
614;Arsenal;Arsenal V Ipswich;Mikelllll ????;
615;Arsenal;Arsenal V Ipswich;My club?? my peace of mind ????;
616;Arsenal;Arsenal V Ipswich;My team ????;
617;Arsenal;Arsenal V Ipswich;"Nobody talking about Salmon’s performance today! big up all the young lads who played, they were all great!";
618;Arsenal;Arsenal V Ipswich;normal ??;
619;Arsenal;Arsenal V Ipswich;"Now Gyokeres’ lawyers are coming out crying, asking why no one passes to him (bro,doesn’t even get into a position where anyone can pass to him).";
620;Arsenal;Arsenal V Ipswich;Nyieee ????????;
621;Arsenal;Arsenal V Ipswich;Odegaard man ????;
622;Arsenal;Arsenal V Ipswich;Ofcourse we didn’t expect much from Kepa as soon as we saw the ARRIZABALAGA on the lineup. But congratulations to the Arsenal????;
623;Arsenal;Arsenal V Ipswich;okay im a huge vik defender but this dude genuinely is gonna be the death of the attacking line;
624;Arsenal;Arsenal V Ipswich;Our squad depth is insane;
625;Arsenal;Arsenal V Ipswich;People need to feed Gyokeres more;
626;Arsenal;Arsenal V Ipswich;Please make change;
627;Arsenal;Arsenal V Ipswich;Please sell or always keep Kepa on bench! Please ?? ??;
628;Arsenal;Arsenal V Ipswich;Raya conceded 1 goal on 6 games and Kepa conceded 2 goals on 1 game ??;
629;Arsenal;Arsenal V Ipswich;Remove Kepa pleeeeeeease.????;
630;Arsenal;Arsenal V Ipswich;RHS at the end of the game was hale end ?????? future is bright;
631;Arsenal;Arsenal V Ipswich;S;
632;Arsenal;Arsenal V Ipswich;Solid performance but Gyokeres & Kepa gotta be sold in January…;
633;Arsenal;Arsenal V Ipswich;sorry tertidur??;
634;Arsenal;Arsenal V Ipswich;Super max dowman;
635;Arsenal;Arsenal V Ipswich;super max?????;
636;Arsenal;Arsenal V Ipswich;The funniest thing about Eze is that he will do mistakes and still sit down on the ground and watch like nothing happens. ?? Gyokeres please step up ????….ANYWAYS ONTO THE NEXT UP! ????;
637;Arsenal;Arsenal V Ipswich;The two goals conceded hurts like a loss??;
638;Arsenal;Arsenal V Ipswich;"The way Ødegaard dribbles, passes, and dances across the pitch reminds me of Özil's prime.";
639;Arsenal;Arsenal V Ipswich;This is a type of match where GYOKERES would have used to remind ARTETA why he needs to be in the starting 11!!;
640;Arsenal;Arsenal V Ipswich;Trade Keppa for 2 beers??;
641;Arsenal;Arsenal V Ipswich;VARsenal ????;
642;Arsenal;Arsenal V Ipswich;Viktor keep going take it day by day keep believing in yourself COYG???? lets go Gunners;
643;Arsenal;Arsenal V Ipswich;Viktor pulled his head away from a tap in header. He’s out there trolling.;
644;Arsenal;Arsenal V Ipswich;"Viktor, it’s okay if you haven’t found your best form again yet, the way you did in Lisbon. Keep believing in yourself, trust our captain Ødegaard and our manager Mikel. Stay humble, keep learning, and keep working hard.";
645;Arsenal;Arsenal V Ipswich;We conceded 2 goals. Feels like a loss at this point ??;
646;Arsenal;Arsenal V Ipswich;"We didn't just arrive, we've come back.";
647;Arsenal;Arsenal V Ipswich;We shouldn’t be conceding goal against Ipswich ??;
648;Arsenal;Arsenal V Ipswich;We would have loved a clean sheet more ??;
649;Arsenal;Arsenal V Ipswich;WE’RE COMING FOR IT ALL! ??;
650;Arsenal;Arsenal V Ipswich;"We’re still proud of you, and we’re still happy to have you with us. Our support hasn’t changed — just like when we first welcomed you in Singapore.";
651;Arsenal;Arsenal V Ipswich;what a rubbish day for ed sheeran;
652;Arsenal;Arsenal V Ipswich;What happing to eze and Gyokeres ??;
653;Arsenal;Arsenal V Ipswich;What’s going on with Eze losing the ball a lot not to be negative but that ain’t we we signed;
654;Arsenal;Arsenal V Ipswich;Whats wrong with Victor Gyokeres? ??;
655;Arsenal;Arsenal V Ipswich;Y’all please leave Gyokeres alone!!!;
656;Arsenal;Arsenal V Ipswich;You guys can't pass to Gyokeres again;
657;Arsenal;Arsenal V Ipswich;Zuba Merino Bruno g n Max were MUSTARD!! ????????????????;
658;Arsenal;Arsenal V Ipswich;???????? ??????????;
659;Arsenal;Arsenal V Ipswich;??????????;
660;Arsenal;Arsenal V Ipswich;??????????;
661;Arsenal;Arsenal V Ipswich;??????;
662;Arsenal;Arsenal V Ipswich;??????;
663;Arsenal;Arsenal V Ipswich;????????;
664;Arsenal;Arsenal V Ipswich;??????;
665;Arsenal;Arsenal V Ipswich;????;
666;Arsenal;Arsenal V Ipswich;??????;
667;Arsenal;Arsenal V Ipswich;??????;
668;Arsenal;Arsenal V Ipswich;??????;
669;Arsenal;Arsenal V Ipswich;??????;
670;Arsenal;Arsenal V Ipswich;????????;
671;Arsenal;Arsenal V Ipswich;??????????????;
672;Arsenal;Arsenal V Ipswich;??????????????????????????;
673;Arsenal;Arsenal V Ipswich;????;
674;Arsenal;Arsenal V Ipswich;????;
675;Arsenal;Arsenal V Ipswich;????;
676;Arsenal;Arsenal V Ipswich;??????????;
677;Arsenal;Arsenal V Ipswich;????????????;
678;Arsenal;Arsenal V Ipswich;??????;
679;Arsenal;Arsenal V Ipswich;????????????;
680;Tottenham Hotspur;Spurs V Villa;17th again ole ole ????????;
681;Tottenham Hotspur;Spurs V Villa;After 80mint??;
682;Tottenham Hotspur;Spurs V Villa;Ayivalwe le club. Angikaze ngayibona into enje! ??????;
683;Tottenham Hotspur;Spurs V Villa;Big 6! ????;
684;Tottenham Hotspur;Spurs V Villa;bring Mauricio Pochettino home.;Mauricio Pochettino
685;Tottenham Hotspur;Spurs V Villa;CALM...THEY'LL BE BACK ??;
686;Tottenham Hotspur;Spurs V Villa;can we react quicker next time?;
687;Tottenham Hotspur;Spurs V Villa;Championship here we go ????;
688;Tottenham Hotspur;Spurs V Villa;Championship here we go??????????;
689;Tottenham Hotspur;Spurs V Villa;Conor> Tonalí;
690;Tottenham Hotspur;Spurs V Villa;Coventry have got their first win before us…;
691;Tottenham Hotspur;Spurs V Villa;Full-time.;
692;Tottenham Hotspur;Spurs V Villa;Hear me out- we’re a MUCH better team without Tonali ??????? just saying;
693;Tottenham Hotspur;Spurs V Villa;Hopeless;
694;Tottenham Hotspur;Spurs V Villa;How is Solanke a football but not a statue?;
695;Tottenham Hotspur;Spurs V Villa;"I miss richie, my R9";
696;Tottenham Hotspur;Spurs V Villa;Its a shame;
697;Tottenham Hotspur;Spurs V Villa;Iv been thinking a lot about this!;
698;Tottenham Hotspur;Spurs V Villa;Money can't change anything;
699;Tottenham Hotspur;Spurs V Villa;Mumet ya;
700;Tottenham Hotspur;Spurs V Villa;O Solanke;
701;Tottenham Hotspur;Spurs V Villa;Põe o Richarlisson no time;
702;Tottenham Hotspur;Spurs V Villa;Richarlison;Richarlison
703;Tottenham Hotspur;Spurs V Villa;Robertson went from being in a top 3 club to a bottom 3 club;
704;Tottenham Hotspur;Spurs V Villa;RUBBISH!!!;
705;Tottenham Hotspur;Spurs V Villa;Sigh;
706;Tottenham Hotspur;Spurs V Villa;son.....come back plz??????????????;
707;Tottenham Hotspur;Spurs V Villa;Take a Gian Piero Gasperini from Roma;
708;Tottenham Hotspur;Spurs V Villa;Take Gian Piero Gasperini.;
709;Tottenham Hotspur;Spurs V Villa;Time to go simple;
710;Tottenham Hotspur;Spurs V Villa;Wake up. Fight.;
711;Tottenham Hotspur;Spurs V Villa;"We fell in love with you not because you were the richest, but because you were the bravest.";
712;Tottenham Hotspur;Spurs V Villa;Who realize we’re 20th?????????;
713;Tottenham Hotspur;Spurs V Villa;Will we be in the Championship next year?;
714;Tottenham Hotspur;Spurs V Villa;??;
715;Tottenham Hotspur;Spurs V Villa;????????????;
716;Tottenham Hotspur;Spurs V Villa;??????;
717;Tottenham Hotspur;Spurs V Villa;????;
718;Tottenham Hotspur;Spurs V Villa;????????????;
719;Tottenham Hotspur;Spurs V Villa;?????????????????????? ?????????????????????? ?????????????????????? ?????????????????????? ?????????????????????? ?????????????????????? ?????????????????????? ?????????????????????? ?????????????????????? ?????????????????????? ?????????????????????? ?????????????????????? ?????????????????????? ?????????????????????? ?????????????????????? ?????????????????????? ?????????????????????? ?????????????????????? ?????????????????????? ?????????????????????? ?????????????????????? ?????????????????????? ?????????????????????? ?????????????????????? ?????????????????????? ?????????????????????? ?????????????????????? ?????????????????????? ?????????????????????? ?????????????????????? ?????????????????????? ?????????????????????? ?????????????????????? ?????????????????????? ?????????????????????? ?????????????????????? ?????????????????????? ??????????????????????;
720;Tottenham Hotspur;Spurs V Villa;??;
721;Tottenham Hotspur;Spurs V Villa;??? ????;
722;Tottenham Hotspur;Spurs V Villa;?????;
723;Tottenham Hotspur;Spurs V Everton;#free richarlison;Richarlison
724;Tottenham Hotspur;Spurs V Everton;??????;
725;Tottenham Hotspur;Spurs V Everton;“The goals will come” we have 12 shots on target in 4 league games that is not a recipe for goals ??;
726;Tottenham Hotspur;Spurs V Everton;£400M;
727;Tottenham Hotspur;Spurs V Everton;0 Goal in 4 games..;
728;Tottenham Hotspur;Spurs V Everton;36 draws should be enough to avoid relegation;
729;Tottenham Hotspur;Spurs V Everton;382 million = 0 goals ?;
730;Tottenham Hotspur;Spurs V Everton;6 hours without a goal;
731;Tottenham Hotspur;Spurs V Everton;7 hours;
732;Tottenham Hotspur;Spurs V Everton;A squad full of 007 agents??;
733;Tottenham Hotspur;Spurs V Everton;All that money on every position except what we needed. A creative number 10 and a number 9. No point having 50 wingers if we don’t have anyone in or around the box.;
734;Tottenham Hotspur;Spurs V Everton;allergic to scoring;
735;Tottenham Hotspur;Spurs V Everton;And he has the audacity to claim he'd be one of the best managers in Serie A. This guy wouldn't even manager in the third division;
736;Tottenham Hotspur;Spurs V Everton;"And what is this obsession with Tel? He looks like an average Championship-level player at best, yet he keeps getting chances while the attack continues to struggle.";
737;Tottenham Hotspur;Spurs V Everton;ANGE is the goat;
738;Tottenham Hotspur;Spurs V Everton;Another week another but draw we have kept 2 clean sheets and out performance are improving every week we just need goals;
739;Tottenham Hotspur;Spurs V Everton;Another weekend ruined;
740;Tottenham Hotspur;Spurs V Everton;Are we gon score;
741;Tottenham Hotspur;Spurs V Everton;Are we trying to break negative records or what? We still haven't scored.;
742;Tottenham Hotspur;Spurs V Everton;Are you kidding me?;
743;Tottenham Hotspur;Spurs V Everton;Asa ripuhhh;
744;Tottenham Hotspur;Spurs V Everton;At least Richy scores goals;
745;Tottenham Hotspur;Spurs V Everton;"At some point, “good ideas” and possession are not enough. If your team cannot create chances, cannot score, and you keep making the same selection mistakes, then the manager has to take responsibility.";
746;Tottenham Hotspur;Spurs V Everton;atp just delete the club bro ????;
747;Tottenham Hotspur;Spurs V Everton;Ayam sayur????;
748;Tottenham Hotspur;Spurs V Everton;Baller;
749;Tottenham Hotspur;Spurs V Everton;Better play today but finishing was non-existent ??;
750;Tottenham Hotspur;Spurs V Everton;Better than 0 ????;
751;Tottenham Hotspur;Spurs V Everton;"Better than the first 3, but what happened in the second half??? We played like we wanted to win in the first half, but played like we don't want to in the second. Is it a mental thing? A confidence thing? We have to fix this to start winning. COME ON SPURS!!!! ??????";
752;Tottenham Hotspur;Spurs V Everton;Bloggggggg;
753;Tottenham Hotspur;Spurs V Everton;Boys boys we need to score;
754;Tottenham Hotspur;Spurs V Everton;Bring back Harry Kane and Son. We need goal machine ????;
755;Tottenham Hotspur;Spurs V Everton;bruh;
756;Tottenham Hotspur;Spurs V Everton;But we are kicking people out while they are still building the foundation and framework of the house;
757;Tottenham Hotspur;Spurs V Everton;"Buy player 300M = 4 game , 0 goal ??";
758;Tottenham Hotspur;Spurs V Everton;Clean sheet;
759;Tottenham Hotspur;Spurs V Everton;Come on boys. Just one goal.;
760;Tottenham Hotspur;Spurs V Everton;Common You Spurs ~;
761;Tottenham Hotspur;Spurs V Everton;Could’ve paid me a lot less than what we spent during the transfer window and I’d have just as many goals;
762;Tottenham Hotspur;Spurs V Everton;COYS??;
763;Tottenham Hotspur;Spurs V Everton;"De Zerbi is not a good coach. The team barely creates anything, nobody is taking shots, and the football has become completely toothless.";
764;Tottenham Hotspur;Spurs V Everton;De Zerbi: zero goals in four matches.;
765;Tottenham Hotspur;Spurs V Everton;Decent performance. Goals will come. COYS. ??????;
766;Tottenham Hotspur;Spurs V Everton;Depressing being a spurs fan;
767;Tottenham Hotspur;Spurs V Everton;Do we know where the net is?;
768;Tottenham Hotspur;Spurs V Everton;draw fc;
769;Tottenham Hotspur;Spurs V Everton;embrassing;
770;Tottenham Hotspur;Spurs V Everton;Esse ano cai ????;
771;Tottenham Hotspur;Spurs V Everton;Fatih Terim;
772;Tottenham Hotspur;Spurs V Everton;Finding their feet. COYS;
773;Tottenham Hotspur;Spurs V Everton;for 4 weeks and every time i wake up and saw the 0-x score so that i know wthe first goal is still a dream.;
774;Tottenham Hotspur;Spurs V Everton;Forget how to score;
775;Tottenham Hotspur;Spurs V Everton;Forgotten what celebrating a goal feels like;
776;Tottenham Hotspur;Spurs V Everton;FREE RICHARLISON;Richarlison
777;Tottenham Hotspur;Spurs V Everton;Future is looking very bright ????;
778;Tottenham Hotspur;Spurs V Everton;Get Ange Postecoglou back. Attacking mindset and he won us something;
779;Tottenham Hotspur;Spurs V Everton;GO to championship;
780;Tottenham Hotspur;Spurs V Everton;Good game ????;
781;Tottenham Hotspur;Spurs V Everton;Good game..;
782;Tottenham Hotspur;Spurs V Everton;Good perfomence from league 5 team gg;
783;Tottenham Hotspur;Spurs V Everton;Good point for your relegation fight;
784;Tottenham Hotspur;Spurs V Everton;Great goals lads can we keep it up we can’t stop scoring ??;
785;Tottenham Hotspur;Spurs V Everton;GWS SPURS;
786;Tottenham Hotspur;Spurs V Everton;HAHAHAHA AYAM SAYUR AYAM SAYUR;
787;Tottenham Hotspur;Spurs V Everton;Hey guys can we score soon thanks;
788;Tottenham Hotspur;Spurs V Everton;"I actually feel with all the creativity around, Richy might have been a decent enough fit. Just a #9 that stays in around the box. Squad might benefit from having a poacher. #COYs";
789;Tottenham Hotspur;Spurs V Everton;I do not see where the goals come from. This is disgraceful.;
790;Tottenham Hotspur;Spurs V Everton;I don‘t know how anxious he is.;
791;Tottenham Hotspur;Spurs V Everton;I don't even have any words left... just don't be relegated.??;
792;Tottenham Hotspur;Spurs V Everton;"I get that the team still needs time to gel, but final third decision making is terrible rn!";
793;Tottenham Hotspur;Spurs V Everton;I have an idea! How about we make a tifo of a huge arrow directed to the goalpost?????;
794;Tottenham Hotspur;Spurs V Everton;I miss Xavi Simons ??;
795;Tottenham Hotspur;Spurs V Everton;I think we can already start blaming RDZ;
796;Tottenham Hotspur;Spurs V Everton;I told you from the very beginning that this was going to take time.;
797;Tottenham Hotspur;Spurs V Everton;I’ll take 16th;
798;Tottenham Hotspur;Spurs V Everton;"If you can’t be patient, you’d be better off supporting a team that’s already fully established and ready to win. That’s probably more suited to you.";
799;Tottenham Hotspur;Spurs V Everton;If you don’t laugh you cry;
800;Tottenham Hotspur;Spurs V Everton;I'm just wondering how this club is among the big 6;
801;Tottenham Hotspur;Spurs V Everton;Imagine we gave Ange $300m plus to spend;
802;Tottenham Hotspur;Spurs V Everton;In my opinion De Zerby should have signed Richarlison because he was our top goal scorer and he is a good player and also even if he was going to get rid of him he could have had him on the bench for squad depth and now his market value will drop and we will not make any money;Richarlison
803;Tottenham Hotspur;Spurs V Everton;It ends all square.;
804;Tottenham Hotspur;Spurs V Everton;It’s been sometime since we had consecutive clean sheet and some more we are playing with attacking intent.. good job..;
805;Tottenham Hotspur;Spurs V Everton;"It’s fine, the social media team will post a dozen videos this week of every player scoring amazing goals in training so that more than makes up for it.";
806;Tottenham Hotspur;Spurs V Everton;It's okay guyz I'm sure u will score next week anfield not even joking;
807;Tottenham Hotspur;Spurs V Everton;Joao palhinha was the last prem goal scorer;
808;Tottenham Hotspur;Spurs V Everton;"Keep at it boys, things are gelling. Also I admire the restraint to spare the players injury and listening to the medical team. Won't be long before they can go full tilt";
809;Tottenham Hotspur;Spurs V Everton;Keep the faith ?????? COYS;
810;Tottenham Hotspur;Spurs V Everton;"Kocak...lawak,,beli pemain mahal tetapi setiap pertandingan tidak pernah menang";
811;Tottenham Hotspur;Spurs V Everton;Kudus is your best player and he is on the bench ??????;
812;Tottenham Hotspur;Spurs V Everton;"Let’s be honest we don’t know how to play football, no driveway in going forward and making the right decisions. The team has no clue how to play to win, nothing to do with the coach the issue is the players attitude!";
813;Tottenham Hotspur;Spurs V Everton;Maddison plays 15 minutes should have come on earlier.;
814;Tottenham Hotspur;Spurs V Everton;Marmoush someone tell him stop winging and waving his arms around;
815;Tottenham Hotspur;Spurs V Everton;Maybe something is wrong.. ??;
816;Tottenham Hotspur;Spurs V Everton;Missing Solomon?;
817;Tottenham Hotspur;Spurs V Everton;Munotiuraya ne Bp;
818;Tottenham Hotspur;Spurs V Everton;No finisher no goals unfortunately;
819;Tottenham Hotspur;Spurs V Everton;No Premier League goal in first 4 games in embarassing another point but still no goal just boring??;
820;Tottenham Hotspur;Spurs V Everton;Not satisfying;
821;Tottenham Hotspur;Spurs V Everton;"Once we transfer the chemistry from the back to the front, we will be good.. just need a goal to kick start us????";
822;Tottenham Hotspur;Spurs V Everton;"Ozuor people, una just the cut ticket anyhow";
823;Tottenham Hotspur;Spurs V Everton;"Please next starting kinsky,vanhacke,van de ven, Robertson,porro, bentacur,tonali, Maddison,Kudus, marmoush,solanke.";
824;Tottenham Hotspur;Spurs V Everton;"Please,live Tel my best player in spur i don't think he has done anything wrong there.He was pushing more than other players atleast";
825;Tottenham Hotspur;Spurs V Everton;Poch again;
826;Tottenham Hotspur;Spurs V Everton;Rdz out;
827;Tottenham Hotspur;Spurs V Everton;Result : Sun glasses;
828;Tottenham Hotspur;Spurs V Everton;Richarlison is much better than Solanke;Richarlison
829;Tottenham Hotspur;Spurs V Everton;Richarlison would’ve chipped in a goal or two by now;Richarlison
830;Tottenham Hotspur;Spurs V Everton;sack de zerbi already…;
831;Tottenham Hotspur;Spurs V Everton;"Sad, something is definitely wrong";
832;Tottenham Hotspur;Spurs V Everton;Saka is scoring goals more than spurs till now;
833;Tottenham Hotspur;Spurs V Everton;Savio will not improve us or improve himself ???? his just running around!! The line-up vs Liverpool will be interesting no Dom please;
834;Tottenham Hotspur;Spurs V Everton;Score a goal just for a fans????;
835;Tottenham Hotspur;Spurs V Everton;Sell everything;
836;Tottenham Hotspur;Spurs V Everton;Sell the club and start a Shawarma restaurant;
837;Tottenham Hotspur;Spurs V Everton;Serie A: no 0-0 draws in 40 matches.;
838;Tottenham Hotspur;Spurs V Everton;"Seriously, stops all those criticism…";
839;Tottenham Hotspur;Spurs V Everton;Should've gone to the championship;
840;Tottenham Hotspur;Spurs V Everton;Signe artem stepanov better than solanke;
841;Tottenham Hotspur;Spurs V Everton;Signe artem stepanov better than solanke;
842;Tottenham Hotspur;Spurs V Everton;Signe artem stepanov better than solanke;
843;Tottenham Hotspur;Spurs V Everton;Signe artem stepanov better than solanke;
844;Tottenham Hotspur;Spurs V Everton;Signe artem stepanov better than solanke;
845;Tottenham Hotspur;Spurs V Everton;Signe artem stepanov better than solanke;
846;Tottenham Hotspur;Spurs V Everton;Signe artem stepanov better than solanke;
847;Tottenham Hotspur;Spurs V Everton;Solanke????????????;
848;Tottenham Hotspur;Spurs V Everton;Soun ASC bi daneu nio bagua défak yéneu match amical ??;
849;Tottenham Hotspur;Spurs V Everton;Speechless ?????;
850;Tottenham Hotspur;Spurs V Everton;Spurs is back;
851;Tottenham Hotspur;Spurs V Everton;Stay positive. The final third patterns will come #COYS;
852;Tottenham Hotspur;Spurs V Everton;stop making me ruin my weekend;
853;Tottenham Hotspur;Spurs V Everton;Stop using Archie at RB!;
854;Tottenham Hotspur;Spurs V Everton;STOP. PLAYING. TEL!!;
855;Tottenham Hotspur;Spurs V Everton;Takes off Bentancur best player on the pitch by a million miles.;
856;Tottenham Hotspur;Spurs V Everton;"Tbh this was our best game, we looked okay. Goals will come. Back everyone - we will come good.";
857;Tottenham Hotspur;Spurs V Everton;Tel won make a wish competition;
858;Tottenham Hotspur;Spurs V Everton;"That all finishing is terrible , no body can score a goal for 382 million";
859;Tottenham Hotspur;Spurs V Everton;The day kudus will start a game is the day tottenham will score their first goal. Mark this;
860;Tottenham Hotspur;Spurs V Everton;The manager is biting his nails throughout the game.;
861;Tottenham Hotspur;Spurs V Everton;The scouts need to be investigated;
862;Tottenham Hotspur;Spurs V Everton;"The team is play better each game, at least never see them going backwards which is a good sign… trust the process, give more supports than Boos… hope the international break comes sooner than later..";
863;Tottenham Hotspur;Spurs V Everton;This club should have relegated instead of Westham !!! Literally ??;
864;Tottenham Hotspur;Spurs V Everton;This time no one can stop Tottenham going relegation;
865;Tottenham Hotspur;Spurs V Everton;Toothless;
866;Tottenham Hotspur;Spurs V Everton;tottenham e vasco da Inglaterra;
867;Tottenham Hotspur;Spurs V Everton;"Tottenham we didn’t play to expectations, we need to create more chances, how many through passes did the midfielders give nothing, we don’t have striker, Solanke to me is a dead wood, we should stop the mediocrity mindset, we need to do more than this, we play well how many chances and goals did we create? We are here praising ourselves that we played well, to me we didn’t play well, how many shots on targets,how many chances did we create? we need to push more and harder if we really wants to complete, we should leave the mediocrity mindset of unnecessary praise on games cos Arsenal fans would be mad of this game not praising,do you know why ? Cos champions don’t praise themselves of draw in their home, City will be angry instead of praising on draw in their home where by they not score any goal in three matches,it’s high time we leave that mediocre mindset";
868;Tottenham Hotspur;Spurs V Everton;Trust the process ??;
869;Tottenham Hotspur;Spurs V Everton;TRUST THE PROCESS…..????????????????;
870;Tottenham Hotspur;Spurs V Everton;Two games we haven't lost! Let's take the positive from that....COYS! ????????;
871;Tottenham Hotspur;Spurs V Everton;"Victor Osimen was the man to get in my opinion, A warrior up front taking no prisoners, Up the SPURS ????";
872;Tottenham Hotspur;Spurs V Everton;Want Poch back;
873;Tottenham Hotspur;Spurs V Everton;We are improving….;
874;Tottenham Hotspur;Spurs V Everton;We are the Cleveland Browns of the Prem. You don’t understand how much it pains me to write this as a Steelers fan…;
875;Tottenham Hotspur;Spurs V Everton;"We keep putting the blame on the manager, firing them, and bringing in someone new. If the new manager fails we fire them again.";
876;Tottenham Hotspur;Spurs V Everton;"We need to be behind the team.. rebuilding is tough, we gotta go through all these, stopped all the boos and give the team the support they need… this will helps lifting their mental block…";
877;Tottenham Hotspur;Spurs V Everton;We need to wait until the entire house is finished before judging whether it was built well;
878;Tottenham Hotspur;Spurs V Everton;We played well. It will take time but The goals will come . COYS !!!;
879;Tottenham Hotspur;Spurs V Everton;We’re a laughing stock we need two quality playing one who can put goals in the back of the net and a playmaker without that we are finished need to resolve this as quick as possible!!!!!!!!!!;
880;Tottenham Hotspur;Spurs V Everton;We’re competing in the best league in the world. Rebuilding a team at this level doesn’t happen overnight.;
881;Tottenham Hotspur;Spurs V Everton;We're getting relegated Nd cNt wait ????????;
882;Tottenham Hotspur;Spurs V Everton;What happened spurs ??;
883;Tottenham Hotspur;Spurs V Everton;When will we ever score a single goal???;
884;Tottenham Hotspur;Spurs V Everton;Where my goat Richarlison;Richarlison
885;Tottenham Hotspur;Spurs V Everton;Where’s the goal???;
886;Tottenham Hotspur;Spurs V Everton;Who’s Tottenham’s top scorer this season? ??;
887;Tottenham Hotspur;Spurs V Everton;Why are we taking off our strikers when all we can muster is crosses. Shocking coaching;
888;Tottenham Hotspur;Spurs V Everton;Worse than Thomas frank atm;
889;Tottenham Hotspur;Spurs V Everton;WTF are u doing?;
890;Tottenham Hotspur;Spurs V Everton;wtf is going on;
891;Tottenham Hotspur;Spurs V Everton;Yu guys will improve;
892;Tottenham Hotspur;Spurs V Everton;????;
893;Tottenham Hotspur;Spurs V Everton;??;
894;Tottenham Hotspur;Spurs V Everton;??;
895;Tottenham Hotspur;Spurs V Everton;????una life don spoil;
896;Tottenham Hotspur;Spurs V Everton;??????;
897;Tottenham Hotspur;Spurs V Everton;????????????;
898;Tottenham Hotspur;Spurs V Everton;????????????????????;
899;Tottenham Hotspur;Spurs V Everton;??;
900;Tottenham Hotspur;Spurs V Everton;??;
901;Tottenham Hotspur;Spurs V Everton;??;
902;Tottenham Hotspur;Spurs V Everton;??;
903;Tottenham Hotspur;Spurs V Everton;??;
904;Tottenham Hotspur;Spurs V Everton;????????;
905;Tottenham Hotspur;Spurs V Everton;?? ??? ???…?? ?? AV???;
